Name,Team,W,L,ERA,GS,G,SV,IP,H,ER,HR,SO,BB,WHIP,K/9,BB/9,FIP,WAR,RA9-WAR,ADP,id,authorId
Jacob deGrom,NYM,12,6,2.32,26,26,0,155.0,105,40,14,233,34,0.89,13.52,1.96,2.07,6.3,5.5,999.0,10951,2
Gerrit Cole,NYY,15,8,3.29,32,32,0,199.0,157,73,27,263,52,1.05,11.94,2.35,3.16,5.4,5.2,999.0,13125,2
Corbin Burnes,MIL,12,8,2.97,29,29,0,174.0,135,57,17,230,50,1.07,11.89,2.60,2.81,5.2,5.1,999.0,19361,2
Zack Wheeler,PHI,14,10,3.32,32,32,0,203.0,180,75,23,221,50,1.13,9.77,2.20,3.31,5.1,4.9,999.0,10310,2
Aaron Nola,PHI,13,10,3.57,32,32,0,192.0,168,76,25,224,54,1.15,10.50,2.51,3.50,4.5,4.0,999.0,16149,2
Shane Bieber,CLE,12,10,3.36,31,31,0,193.0,164,72,24,232,54,1.13,10.84,2.52,3.31,4.5,4.7,999.0,19427,2
Max Scherzer,NYM,12,9,3.43,31,31,0,180.0,148,69,25,228,45,1.07,11.42,2.25,3.31,4.4,4.3,999.0,3137,2
Brandon Woodruff,MIL,12,9,3.39,31,31,0,187.0,161,70,22,220,52,1.13,10.57,2.48,3.32,4.4,4.4,999.0,16162,2
Logan Webb,SFG,12,10,3.38,32,32,0,189.0,176,71,15,189,57,1.24,9.03,2.74,3.25,4.1,3.9,999.0,17995,2
Carlos Rodon,SFG,11,9,3.47,29,29,0,163.0,133,63,20,205,51,1.13,11.37,2.84,3.37,4.0,3.8,999.0,16137,2
Luis Castillo,CIN,12,10,3.77,32,32,0,192.0,177,81,22,210,71,1.29,9.82,3.32,3.71,3.9,3.9,999.0,15689,2
Walker Buehler,LAD,13,9,3.79,32,32,0,198.0,183,84,26,214,56,1.21,9.72,2.55,3.71,3.9,3.3,999.0,19374,2
Charlie Morton,ATL,12,8,3.40,29,29,0,169.0,147,64,17,196,52,1.18,10.44,2.78,3.30,3.8,3.9,999.0,4676,2
Sandy Alcantara,MIA,12,11,3.63,32,32,0,200.0,185,81,21,200,61,1.23,9.01,2.75,3.59,3.7,3.6,999.0,18684,2
Robbie Ray,SEA,12,10,3.77,32,32,0,188.0,155,79,28,242,70,1.19,11.56,3.35,3.76,3.7,3.6,999.0,11486,2
Kevin Gausman,TOR,12,10,3.78,32,32,0,191.0,173,80,26,213,54,1.19,10.00,2.54,3.70,3.6,3.6,999.0,14107,2
Chris Sale,BOS,12,8,3.57,29,29,0,171.0,145,68,22,210,50,1.14,11.08,2.65,3.43,3.6,4.2,999.0,10603,2
Justin Verlander,HOU,12,8,3.62,29,29,0,175.0,148,70,27,213,44,1.09,10.93,2.24,3.62,3.6,3.8,999.0,8700,2
Max Fried,ATL,12,9,3.56,31,31,0,185.0,176,73,20,185,54,1.25,9.03,2.65,3.58,3.5,3.9,999.0,13743,2
Joe Musgrove,SDP,12,9,3.62,31,31,0,182.0,163,73,22,197,53,1.18,9.74,2.63,3.65,3.5,3.3,999.0,12970,2
Eduardo Rodriguez,DET,11,11,3.82,32,32,0,185.0,171,79,24,193,61,1.25,9.39,2.97,3.83,3.5,3.7,999.0,13164,2
Nathan Eovaldi,BOS,12,10,3.94,31,31,0,183.0,176,80,25,184,44,1.20,9.08,2.15,3.75,3.5,3.7,999.0,9132,2
Framber Valdez,HOU,13,9,3.57,31,31,0,191.0,180,76,16,177,77,1.35,8.36,3.65,3.76,3.4,3.9,999.0,17295,2
Jose Berrios,TOR,13,10,3.90,32,32,0,196.0,183,85,26,200,55,1.22,9.20,2.54,3.85,3.4,3.9,999.0,14168,2
Blake Snell,SDP,12,9,3.48,31,31,0,167.0,136,65,19,209,71,1.24,11.27,3.85,3.54,3.4,3.4,999.0,13543,2
Lance Lynn,CHW,12,10,3.99,31,31,0,187.0,170,83,28,202,58,1.22,9.72,2.81,4.04,3.4,3.2,999.0,2520,2
Yu Darvish,SDP,11,9,3.78,29,29,0,169.0,147,71,23,197,48,1.16,10.48,2.58,3.63,3.3,2.9,999.0,13074,2
Pablo Lopez,MIA,11,10,3.50,29,29,0,166.0,150,65,18,173,47,1.19,9.37,2.56,3.51,3.3,3.2,999.0,17085,2
Lucas Giolito,CHW,12,10,4.00,31,31,0,184.0,162,82,30,209,60,1.21,10.22,2.93,4.07,3.3,3.2,999.0,15474,2
German Marquez,COL,11,12,4.53,32,32,0,193.0,205,97,26,189,63,1.39,8.81,2.92,4.07,3.3,3.1,999.0,15038,2
Freddy Peralta,MIL,11,9,3.80,29,29,0,163.0,131,69,23,207,68,1.22,11.45,3.74,3.85,3.3,3.1,999.0,18679,2
Julio Urias,LAD,13,9,3.88,32,32,0,187.0,173,81,28,196,51,1.20,9.45,2.46,3.92,3.2,2.9,999.0,14765,2
Mike Clevinger,SDP,10,7,3.47,26,26,0,148.0,126,57,18,171,49,1.18,10.41,2.99,3.50,3.2,3.0,999.0,12808,2
Clayton Kershaw,,10,8,3.57,26,26,0,148.0,138,59,19,155,35,1.17,9.43,2.11,3.57,3.1,3.2,999.0,2036,2
Sean Manaea,OAK,11,10,3.66,31,31,0,179.0,164,73,24,179,44,1.16,9.02,2.22,3.76,3.1,3.4,999.0,15873,2
Shohei Ohtani,LAA,11,8,3.69,28,28,0,165.0,141,68,22,192,57,1.21,10.50,3.13,3.75,3.1,3.4,999.0,19755,2
Frankie Montas,OAK,11,10,3.71,31,31,0,179.0,160,74,23,190,55,1.20,9.54,2.77,3.75,3.1,3.3,999.0,14309,2
Zac Gallen,ARI,11,11,3.99,31,31,0,178.0,163,79,23,198,65,1.28,10.01,3.30,3.82,3.0,3.0,999.0,19291,2
Dylan Cease,CHW,11,10,4.03,31,31,0,170.0,144,76,26,204,68,1.25,10.83,3.63,4.08,3.0,2.8,999.0,18525,2
Trevor Rogers,MIA,10,9,3.47,28,28,0,154.0,131,59,17,175,55,1.21,10.25,3.22,3.54,3.0,3.1,999.0,22286,2
Tyler Mahle,CIN,11,10,4.24,31,31,0,176.0,164,83,28,197,62,1.29,10.08,3.18,4.18,3.0,2.8,999.0,16358,2
Sonny Gray,CIN,10,10,4.15,29,29,0,163.0,154,75,21,178,63,1.33,9.82,3.49,4.00,2.9,2.7,999.0,12768,2
Jack Flaherty,STL,12,10,3.73,31,31,0,177.0,156,73,24,194,59,1.21,9.88,2.98,3.85,2.8,3.1,999.0,17479,2
Ranger Suarez,PHI,11,9,3.75,29,29,0,165.0,156,69,19,159,60,1.31,8.71,3.26,3.94,2.8,3.1,999.0,17277,2
Michael Kopech,CHW,9,8,3.83,23,43,0,145.0,120,62,21,179,52,1.19,11.15,3.26,3.83,2.7,2.6,999.0,17282,2
Patrick Corbin,WSN,11,10,4.16,29,29,0,174.0,175,81,24,168,57,1.33,8.69,2.93,4.07,2.7,2.6,999.0,9323,2
Carlos Carrasco,NYM,10,9,3.75,28,28,0,157.0,143,66,21,167,49,1.22,9.56,2.79,3.80,2.7,2.4,999.0,6632,2
Hyun-Jin Ryu,TOR,12,10,4.04,31,31,0,180.0,184,81,24,156,44,1.27,7.79,2.19,4.02,2.7,3.2,999.0,14444,2
Lance McCullers Jr.,HOU,10,8,3.66,26,26,0,147.0,131,60,16,160,59,1.29,9.76,3.61,3.74,2.6,2.8,999.0,14120,2
Marcus Stroman,,11,11,4.12,32,32,0,182.0,189,83,22,149,53,1.33,7.38,2.64,4.08,2.6,2.6,999.0,13431,2
Stephen Strasburg,WSN,9,9,4.17,26,26,0,153.0,149,71,20,154,51,1.31,9.06,2.99,4.03,2.6,2.2,999.0,10131,2
Alek Manoah,TOR,11,9,4.06,29,29,0,169.0,151,76,24,187,60,1.25,9.94,3.19,4.05,2.6,3.1,999.0,26410,2
Jordan Montgomery,NYY,11,9,4.08,29,29,0,164.0,157,74,24,164,53,1.28,8.99,2.88,4.13,2.6,2.6,999.0,16511,2
John Means,BAL,10,12,4.46,31,31,0,181.0,179,90,36,168,41,1.22,8.34,2.06,4.68,2.6,2.5,999.0,16269,2
Shane McClanahan,TBR,11,9,3.60,28,28,0,159.0,139,64,19,174,56,1.23,9.82,3.14,3.72,2.6,3.1,999.0,21483,2
Kyle Gibson,PHI,11,11,4.18,32,32,0,187.0,187,87,24,171,70,1.38,8.25,3.36,4.24,2.6,2.4,999.0,10123,2
Alex Wood,,10,9,3.89,29,29,0,160.0,154,69,21,161,49,1.27,9.02,2.77,3.94,2.5,2.8,999.0,13781,2
Ian Anderson,ATL,11,9,4.07,29,29,0,166.0,154,75,20,174,70,1.36,9.43,3.83,4.02,2.5,2.6,999.0,19951,2
Chris Bassitt,OAK,11,11,4.01,31,31,0,186.0,175,83,25,176,53,1.22,8.51,2.55,4.05,2.5,2.8,999.0,12304,2
Steven Matz,,10,9,3.91,29,29,0,161.0,153,70,21,154,49,1.25,8.62,2.76,3.99,2.5,2.4,999.0,13361,2
Adam Wainwright,STL,11,11,4.09,31,31,0,194.0,197,88,25,165,56,1.30,7.63,2.59,4.15,2.5,2.4,999.0,2233,2
Alex Cobb,,10,9,3.95,28,28,0,151.0,150,66,18,141,49,1.31,8.39,2.89,3.92,2.4,2.4,999.0,6562,2
Jon Gray,,10,10,4.13,31,31,0,169.0,161,77,23,170,59,1.30,9.07,3.15,4.08,2.4,2.5,999.0,14916,2
Shane Baz,TBR,9,8,3.71,24,24,0,136.0,116,56,18,154,46,1.19,10.19,3.02,3.80,2.4,2.4,999.0,22264,2
Tarik Skubal,DET,9,10,4.13,29,29,0,158.0,145,73,24,171,53,1.25,9.71,3.02,4.15,2.3,2.6,999.0,22267,2
Anthony DeSclafani,SFG,10,11,4.17,31,31,0,175.0,175,81,23,160,51,1.28,8.20,2.60,4.04,2.3,2.0,999.0,13050,2
Jose Quintana,,9,10,4.05,28,28,0,156.0,150,70,19,153,59,1.35,8.81,3.42,4.07,2.3,2.2,999.0,11423,2
Noah Syndergaard,LAA,9,10,4.53,28,28,0,163.0,169,82,25,134,44,1.31,7.39,2.42,4.43,2.3,1.7,999.0,11762,2
Mike Minor,KCR,10,11,4.33,29,29,0,176.0,173,84,26,158,52,1.29,8.08,2.69,4.35,2.3,2.8,999.0,10021,2
Patrick Sandoval,LAA,10,8,3.92,26,26,0,147.0,136,64,19,150,60,1.33,9.14,3.64,4.13,2.2,2.5,999.0,19447,2
Tanner Houck,BOS,9,9,4.18,26,34,0,148.0,140,69,18,156,56,1.32,9.47,3.38,3.98,2.2,2.5,999.0,19879,2
Luis Garcia,HOU,10,10,4.29,29,29,0,168.0,155,80,26,176,63,1.30,9.38,3.36,4.31,2.2,2.1,999.0,23735,2
Yusei Kikuchi,SEA,10,9,4.03,28,28,0,152.0,145,68,20,147,54,1.31,8.72,3.20,4.08,2.2,2.4,999.0,20633,2
Brady Singer,KCR,9,10,4.21,28,28,0,150.0,149,70,17,134,55,1.36,8.08,3.31,4.14,2.1,2.5,999.0,25377,2
Tylor Megill,NYM,9,8,3.84,24,24,0,133.0,120,57,18,143,44,1.23,9.70,2.97,3.86,2.1,1.9,999.0,21318,2
Joe Ryan,MIN,10,10,4.36,28,28,0,166.0,157,80,28,173,48,1.24,9.38,2.60,4.28,2.1,2.3,999.0,21390,2
Danny Duffy,,8,7,4.08,23,23,0,125.0,114,57,19,133,44,1.27,9.55,3.16,4.16,2.1,1.9,999.0,3542,2
Luis Severino,NYY,10,8,4.06,24,42,0,156.0,148,70,23,156,48,1.26,9.02,2.77,4.11,2.1,2.3,999.0,15890,2
Kyle Freeland,COL,8,11,5.09,29,29,0,163.0,188,92,25,135,55,1.49,7.48,3.05,4.60,2.1,1.7,999.0,16256,2
Logan Gilbert,SEA,9,10,4.17,29,29,0,162.0,150,75,27,168,45,1.21,9.31,2.53,4.23,2.1,2.2,999.0,22250,2
Bailey Ober,MIN,9,10,4.51,28,28,0,158.0,158,79,28,157,43,1.27,8.95,2.46,4.38,2.0,1.9,999.0,21224,2
Huascar Ynoa,ATL,8,7,3.98,23,23,0,124.0,115,55,15,133,44,1.29,9.66,3.23,3.83,2.0,2.1,999.0,20468,2
Adbert Alzolay,CHC,8,9,4.33,26,26,0,144.0,137,69,21,147,51,1.31,9.21,3.22,4.22,2.0,1.9,999.0,17859,2
Merrill Kelly,ARI,9,11,4.56,29,29,0,171.0,181,87,26,145,51,1.35,7.63,2.67,4.42,2.0,1.8,999.0,11156,2
Nick Pivetta,BOS,10,10,4.61,29,29,0,162.0,156,83,25,170,65,1.36,9.46,3.60,4.42,2.0,2.1,999.0,15454,2
Kyle Hendricks,CHC,10,12,4.67,31,31,0,186.0,206,97,29,142,45,1.35,6.86,2.15,4.56,2.0,1.6,999.0,12049,2
Antonio Senzatela,COL,9,13,5.23,31,31,0,180.0,218,104,27,128,51,1.49,6.41,2.54,4.67,2.0,1.6,999.0,15488,2
JT Brubaker,PIT,8,9,4.24,26,26,0,144.0,142,68,20,141,46,1.31,8.82,2.87,4.15,2.0,1.7,999.0,17578,2
Wade Miley,CHC,9,11,4.41,29,29,0,170.0,184,83,22,132,60,1.44,6.99,3.16,4.44,2.0,1.9,999.0,8779,2
Zach Eflin,PHI,8,8,4.22,23,23,0,130.0,131,61,20,120,32,1.25,8.28,2.20,4.19,1.9,1.7,999.0,13774,2
Taijuan Walker,NYM,10,10,4.26,29,29,0,169.0,163,80,25,163,59,1.31,8.70,3.12,4.34,1.9,1.5,999.0,11836,2
Zack Greinke,,9,10,4.42,28,28,0,160.0,171,78,25,129,37,1.30,7.28,2.09,4.38,1.9,1.9,999.0,1943,2
Dane Dunning,TEX,8,10,4.28,28,28,0,154.0,155,73,20,139,55,1.36,8.11,3.20,4.26,1.9,1.8,999.0,19409,2
Andrew Heaney,LAD,8,8,4.19,24,24,0,134.0,125,62,22,143,41,1.24,9.64,2.77,4.21,1.9,1.9,999.0,15423,2
Austin Gomber,COL,9,11,4.97,29,29,0,158.0,170,87,25,151,61,1.47,8.63,3.49,4.59,1.8,1.9,999.0,16561,2
Miles Mikolas,STL,9,9,4.18,26,26,0,145.0,152,67,19,108,34,1.28,6.73,2.09,4.25,1.8,1.6,999.0,9803,2
Corey Kluber,,9,10,4.43,28,28,0,150.0,149,74,22,142,52,1.34,8.50,3.11,4.38,1.8,1.8,999.0,2429,2
Brad Keller,KCR,9,10,4.46,28,28,0,159.0,164,79,18,129,66,1.45,7.34,3.72,4.40,1.8,2.2,999.0,15734,2
Drew Rasmussen,TBR,10,9,3.89,24,48,0,159.0,144,69,19,164,63,1.30,9.27,3.55,3.98,1.8,2.2,999.0,25385,2
Jameson Taillon,NYY,9,9,4.67,28,28,0,152.0,152,79,27,143,45,1.30,8.47,2.68,4.64,1.7,1.4,999.0,11674,2
Casey Mize,DET,9,12,4.57,31,31,0,171.0,178,87,25,141,53,1.35,7.43,2.78,4.54,1.7,1.9,999.0,20492,2
Chris Flexen,SEA,10,12,4.42,31,31,0,183.0,189,90,29,153,52,1.31,7.50,2.54,4.51,1.7,1.8,999.0,13896,2
Adrian Houser,MIL,9,10,4.35,28,28,0,149.0,153,72,16,121,62,1.44,7.33,3.75,4.37,1.7,1.7,999.0,12718,2
Luke Weaver,ARI,8,9,4.38,26,26,0,140.0,139,68,21,139,45,1.32,8.92,2.92,4.24,1.7,1.7,999.0,16918,2
Madison Bumgarner,ARI,9,12,4.80,31,31,0,184.0,193,98,32,157,52,1.34,7.70,2.57,4.75,1.7,1.5,999.0,5524,2
Elieser Hernandez,MIA,8,9,4.28,26,26,0,140.0,132,66,22,140,42,1.25,9.03,2.74,4.31,1.7,1.5,999.0,16933,2
Josiah Gray,WSN,8,9,4.72,24,24,0,139.0,134,73,25,145,54,1.35,9.38,3.47,4.68,1.7,1.3,999.0,24580,2
Sixto Sanchez,MIA,6,6,3.73,16,16,0,92.0,87,38,10,88,29,1.26,8.64,2.85,3.75,1.7,1.5,999.0,19680,2
Trevor Bauer,LAD,5,4,3.70,13,13,0,78.0,66,32,11,96,25,1.17,11.13,2.91,3.63,1.6,1.5,999.0,12703,2
Christian Greene,CIN,7,7,4.44,19,19,0,111.0,105,55,17,118,44,1.35,9.61,3.60,4.37,1.6,1.5,999.0,3005315,2
Marco Gonzales,SEA,9,12,4.60,31,31,0,187.0,195,96,33,149,52,1.32,7.14,2.48,4.81,1.6,1.5,999.0,15467,2
David Price,LAD,9,7,4.16,21,41,0,130.0,127,60,19,127,44,1.31,8.74,3.07,4.26,1.6,1.3,999.0,3184,2
Liam Hendriks,CHW,4,3,2.84,0,68,29,68.0,48,21,8,100,17,0.96,13.20,2.22,2.67,1.5,1.4,999.0,3548,2
Mike Soroka,ATL,6,6,4.13,18,18,0,102.0,104,47,12,88,31,1.33,7.76,2.72,4.04,1.5,1.5,999.0,18383,2
Michael Pineda,,9,11,4.67,29,29,0,160.0,172,83,27,132,40,1.33,7.40,2.26,4.57,1.5,1.4,999.0,5372,2
Aaron Ashby,MIL,6,4,3.14,6,61,1,90.0,73,31,8,110,41,1.26,10.96,4.07,3.32,1.5,1.7,999.0,23550,2
Eric Lauer,MIL,8,8,4.25,23,31,0,133.0,126,63,20,133,50,1.32,9.02,3.38,4.41,1.5,1.8,999.0,19316,2
Justin Steele,CHC,7,8,4.37,23,23,0,126.0,121,61,17,122,58,1.42,8.72,4.16,4.48,1.4,1.5,999.0,17312,2
Jose Urquidy,HOU,8,8,4.62,24,24,0,136.0,137,70,25,120,35,1.27,7.94,2.30,4.69,1.4,1.3,999.0,18413,2
Josh Hader,MIL,4,3,2.71,0,67,26,67.0,41,20,7,110,27,1.02,14.78,3.63,2.66,1.4,1.5,999.0,14212,2
Tony Gonsolin,LAD,10,9,4.52,28,28,0,148.0,139,74,24,157,62,1.36,9.55,3.78,4.54,1.4,1.3,999.0,19388,2
Reid Detmers,LAA,7,7,4.30,21,21,0,116.0,107,56,19,124,44,1.30,9.60,3.44,4.41,1.4,1.5,999.0,27468,2
Nate Pearson,TOR,8,7,4.40,21,29,0,125.0,114,61,19,130,54,1.35,9.40,3.90,4.46,1.4,1.8,999.0,20160,2
David Peterson,NYM,7,6,3.84,19,19,0,104.0,96,44,12,103,42,1.33,8.98,3.65,4.07,1.3,1.5,999.0,20302,2
Erick Fedde,WSN,7,8,4.66,23,23,0,121.0,128,63,17,104,44,1.43,7.76,3.31,4.51,1.3,1.1,999.0,17425,2
Aaron Civale,CLE,8,11,4.61,28,28,0,160.0,168,82,27,135,44,1.33,7.57,2.49,4.61,1.3,1.6,999.0,19479,2
Garrett Richards,,8,9,4.64,26,26,0,139.0,143,72,20,121,58,1.44,7.82,3.74,4.65,1.3,1.3,999.0,9784,2
Chris Paddack,SDP,6,5,3.97,16,16,0,87.0,84,38,12,84,22,1.21,8.75,2.23,3.93,1.3,1.3,999.0,20099,2
Sammy Long,SFG,9,10,4.20,24,44,0,160.0,153,74,21,152,62,1.35,8.55,3.51,4.26,1.3,1.7,999.0,25379,2
Reiver Sanmartin,CIN,6,6,4.13,13,37,0,98.0,98,45,13,91,33,1.34,8.35,3.03,4.12,1.3,1.3,999.0,19754,2
Kwang-hyun Kim,,8,9,4.54,24,24,0,129.0,137,65,19,103,44,1.40,7.19,3.05,4.61,1.3,1.2,999.0,27458,2
Nestor Cortes,NYY,8,8,4.55,19,51,0,139.0,132,70,26,146,49,1.30,9.47,3.14,4.65,1.3,1.1,999.0,17874,2
Ross Stripling,TOR,8,8,4.65,24,30,0,133.0,138,69,23,117,40,1.33,7.88,2.70,4.63,1.2,1.5,999.0,13273,2
Michael Wacha,BOS,7,8,4.70,21,36,0,125.0,131,65,20,113,38,1.35,8.14,2.74,4.47,1.2,1.3,999.0,14078,2
Dylan Bundy,,7,9,4.68,24,24,0,131.0,132,68,22,121,44,1.34,8.37,3.02,4.61,1.2,1.1,999.0,12917,2
Tyler Anderson,,10,12,4.83,32,32,0,176.0,186,94,33,142,52,1.35,7.29,2.68,4.95,1.2,1.3,999.0,12880,2
Matthew Boyd,DET,5,5,4.27,15,15,0,81.0,78,38,13,79,24,1.25,8.76,2.65,4.31,1.2,1.2,999.0,15440,2
Glenn Otto,TEX,6,8,4.41,21,21,0,115.0,112,56,17,111,41,1.33,8.69,3.21,4.42,1.2,1.3,999.0,21366,2
Edwin Diaz,NYM,4,3,2.92,0,67,33,67.0,47,22,7,98,25,1.07,13.16,3.36,2.88,1.2,1.0,999.0,14710,2
Bruce Zimmermann,BAL,7,10,4.84,24,24,0,138.0,144,74,25,114,52,1.42,7.43,3.36,5.07,1.2,1.2,999.0,20370,2
Dallas Keuchel,CHW,9,10,4.68,29,29,0,161.0,182,84,22,103,57,1.48,5.75,3.18,4.88,1.2,1.3,999.0,9434,2
Kris Bubic,KCR,7,8,4.51,23,23,0,124.0,123,62,17,109,55,1.43,7.86,3.98,4.64,1.2,1.6,999.0,21455,2
Martin Perez,,7,8,4.49,23,23,0,120.0,126,60,17,101,43,1.40,7.54,3.19,4.54,1.2,1.2,999.0,6902,2
Cal Quantrill,CLE,9,12,4.76,29,29,0,169.0,176,89,27,140,56,1.38,7.46,3.01,4.76,1.2,1.4,999.0,19312,2
Domingo German,NYY,7,6,4.27,13,51,0,109.0,104,52,18,114,33,1.25,9.35,2.68,4.28,1.2,1.1,999.0,17149,2
Luis Patino,TBR,9,10,4.35,23,57,0,155.0,140,75,24,160,65,1.32,9.29,3.75,4.52,1.2,1.3,999.0,22815,2
Randy Dobnak,MIN,7,9,4.82,23,31,0,138.0,159,74,18,88,44,1.47,5.73,2.88,4.66,1.2,0.9,999.0,23798,2
Alec Mills,CHC,8,10,4.87,26,26,0,142.0,157,77,21,105,45,1.43,6.67,2.87,4.72,1.2,0.9,999.0,13834,2
Triston McKenzie,CLE,7,8,4.58,23,23,0,122.0,110,62,21,134,54,1.35,9.94,3.99,4.69,1.2,1.3,999.0,18000,2
Aroldis Chapman,NYY,4,2,2.91,0,64,32,64.0,42,21,6,98,32,1.16,13.75,4.48,3.04,1.1,1.2,999.0,10233,2
Matthew Brash,SEA,7,8,4.19,18,46,0,130.0,117,60,18,135,58,1.35,9.37,4.03,4.35,1.1,1.4,999.0,3010616,2
James Kaprielian,OAK,7,9,4.53,23,37,0,140.0,134,71,23,137,48,1.30,8.81,3.07,4.55,1.1,1.1,999.0,18331,2
Joseph Palumbo,SFG,6,6,4.04,16,22,0,97.0,87,44,12,104,46,1.38,9.67,4.28,4.13,1.1,1.2,999.0,17035,2
Wily Peralta,,8,10,4.85,28,28,0,152.0,163,82,22,118,62,1.48,6.99,3.69,4.87,1.1,1.0,999.0,7738,2
Joe Ross,WSN,5,6,4.55,16,16,0,91.0,92,46,14,86,31,1.35,8.52,3.07,4.42,1.1,1.0,999.0,12972,2
Jesus Luzardo,MIA,6,6,4.01,16,30,0,102.0,94,45,13,103,41,1.33,9.08,3.64,4.15,1.1,1.2,999.0,19959,2
Taylor Rogers,MIN,4,3,3.12,0,67,24,67.0,56,23,7,85,19,1.12,11.38,2.59,2.99,1.1,1.2,999.0,13449,2
Emmanuel Clase,CLE,4,3,2.91,0,67,31,67.0,55,22,6,80,21,1.14,10.69,2.87,2.92,1.1,1.3,999.0,21032,2
Raisel Iglesias,,4,3,3.18,0,68,0,68.0,54,24,8,88,20,1.08,11.69,2.65,3.14,1.1,1.1,999.0,17130,2
Zach Plesac,CLE,9,12,4.74,29,29,0,171.0,183,90,30,134,46,1.34,7.03,2.44,4.83,1.1,1.5,999.0,19979,2
Jose Suarez,LAA,8,9,4.61,24,24,0,131.0,132,67,21,115,52,1.40,7.91,3.59,4.80,1.0,1.3,999.0,19911,2
Matt Manning,DET,7,10,4.86,26,26,0,140.0,149,76,21,107,50,1.43,6.86,3.24,4.81,1.0,1.1,999.0,20369,2
Johnny Cueto,,8,10,4.84,26,26,0,143.0,153,77,25,119,45,1.38,7.46,2.82,4.88,1.0,1.0,999.0,6893,2
Brett Anderson,,7,8,4.54,23,23,0,116.0,133,58,14,70,35,1.45,5.43,2.69,4.58,1.0,1.1,999.0,8223,2
Devin Williams,MIL,4,3,3.13,0,65,2,65.0,48,23,6,89,30,1.20,12.28,4.18,3.23,1.0,1.0,999.0,15816,2
Tyler Alexander,DET,7,9,4.68,19,47,0,132.0,138,68,21,108,38,1.34,7.36,2.63,4.67,1.0,1.1,999.0,17735,2
Dustin May,LAD,3,2,3.29,6,16,0,46.0,39,17,5,53,14,1.17,10.55,2.75,3.23,1.0,1.0,999.0,19716,2
Drew Smyly,,7,8,4.74,23,23,0,121.0,123,64,21,114,44,1.37,8.45,3.25,4.77,1.0,1.0,999.0,11760,2
Dakota Hudson,STL,9,9,4.39,24,38,0,150.0,155,73,17,112,64,1.46,6.75,3.85,4.57,1.0,1.1,999.0,19206,2
Ryan Pressly,HOU,4,3,3.19,0,66,30,66.0,56,23,7,78,20,1.15,10.66,2.72,3.17,1.0,1.0,999.0,7005,2
Tucker Davidson,ATL,5,4,4.06,13,19,0,78.0,75,35,10,79,32,1.36,9.06,3.66,4.09,1.0,1.1,999.0,19871,2
J.A. Happ,,8,10,4.87,26,26,0,140.0,149,76,25,118,45,1.38,7.58,2.91,4.85,1.0,0.9,999.0,7410,2
Keegan Akin,BAL,7,10,4.94,24,24,0,131.0,132,72,25,120,55,1.42,8.20,3.78,5.19,0.9,1.0,999.0,19362,2
Carlos Hernandez,KCR,7,9,4.85,24,24,0,134.0,135,72,20,116,60,1.45,7.74,3.98,4.83,0.9,1.3,999.0,22713,2
Aaron Bummer,CHW,4,3,3.00,0,64,0,64.0,53,21,5,74,27,1.25,10.43,3.84,3.27,0.9,1.1,999.0,16258,2
Matt Barnes,BOS,4,3,3.59,0,66,11,66.0,54,26,7,86,29,1.24,11.74,3.90,3.44,0.9,0.9,999.0,12863,2
Grayson Rodriguez,BAL,4,6,4.66,15,15,0,83.0,80,43,15,82,32,1.35,8.84,3.48,4.78,0.9,0.9,999.0,3008130,2
Mitch White,LAD,5,4,4.17,10,40,0,84.0,79,39,12,86,31,1.31,9.17,3.27,4.16,0.9,0.7,999.0,19225,2
Rich Hill,,7,8,4.76,23,23,0,121.0,122,64,20,109,45,1.38,8.13,3.34,4.82,0.9,1.0,999.0,4806,2
Cole Irvin,OAK,9,11,4.69,29,29,0,165.0,176,86,28,117,44,1.34,6.41,2.41,4.86,0.9,1.2,999.0,19244,2
Lucas Sims,CIN,3,3,3.69,0,65,26,65.0,51,27,9,89,27,1.20,12.39,3.76,3.66,0.9,0.8,999.0,13470,2
Blake Treinen,LAD,4,3,3.41,0,70,27,70.0,60,27,7,80,26,1.24,10.29,3.38,3.43,0.9,0.8,999.0,12572,2
Yonny Chirinos,TBR,7,8,4.36,19,39,0,130.0,131,63,19,110,39,1.31,7.61,2.71,4.46,0.9,1.1,999.0,16401,2
Matt Harvey,,6,8,4.82,21,21,0,108.0,117,58,18,85,31,1.37,7.03,2.57,4.75,0.9,0.8,999.0,11713,2
Dillon Peters,PIT,6,6,4.16,11,51,0,102.0,101,47,13,91,36,1.34,8.06,3.15,4.28,0.9,0.9,999.0,18790,2
Jordan Romano,TOR,4,3,3.34,0,66,27,66.0,52,24,7,84,26,1.19,11.50,3.58,3.33,0.9,1.0,999.0,16122,2
Spencer Howard,TEX,7,9,4.76,24,24,0,122.0,121,65,20,115,50,1.40,8.45,3.66,4.79,0.9,0.9,999.0,23252,2
Chris Archer,,6,7,4.65,19,19,0,105.0,105,55,17,101,39,1.37,8.59,3.31,4.63,0.9,1.0,999.0,6345,2
Jonathan Loaisiga,NYY,4,3,3.46,0,66,2,66.0,58,25,7,73,22,1.21,9.98,3.06,3.54,0.9,0.8,999.0,19753,2
James Paxton,,3,3,3.87,10,10,0,53.0,48,23,7,58,18,1.23,9.78,3.01,3.90,0.9,0.9,999.0,11828,2
Garrett Crochet,CHW,4,4,3.66,3,59,0,74.0,61,30,10,92,33,1.26,11.07,4.03,3.84,0.9,0.9,999.0,27463,2
Dinelson Lamet,SDP,3,2,3.14,0,50,8,50.0,39,17,6,67,17,1.11,11.98,3.03,3.08,0.9,0.7,999.0,17186,2
Mitch Keller,PIT,5,6,4.57,18,18,0,92.0,92,47,12,84,39,1.42,8.21,3.82,4.48,0.8,0.8,999.0,17594,2
Nicholas Lodolo,CIN,3,2,3.83,6,14,0,45.0,41,19,6,51,15,1.25,10.18,3.04,3.77,0.8,0.8,999.0,917947,2
Steven Brault,PIT,8,10,4.74,26,26,0,145.0,150,76,19,116,65,1.48,7.22,4.02,4.80,0.8,0.9,999.0,15291,2
Brusdar Graterol,LAD,4,3,3.46,0,66,11,66.0,59,25,6,71,24,1.26,9.66,3.26,3.54,0.8,0.7,999.0,20367,2
Jakob Junis,,5,5,4.68,15,15,0,80.0,83,41,13,71,25,1.35,7.96,2.77,4.61,0.8,0.7,999.0,13619,2
Jordan Lyles,,8,11,5.09,28,28,0,153.0,163,86,28,127,53,1.41,7.50,3.12,5.01,0.8,0.7,999.0,7593,2
Trevor Williams,NYM,6,6,4.19,13,46,0,103.0,102,48,15,94,31,1.29,8.25,2.68,4.24,0.8,0.6,999.0,16977,2
Justin Dunn,SEA,6,9,4.87,23,23,0,120.0,114,65,20,119,56,1.41,8.87,4.19,4.93,0.8,0.6,999.0,19268,2
Carlos Martinez,,7,9,4.94,24,24,0,133.0,142,73,19,104,56,1.49,7.02,3.81,4.94,0.8,0.7,999.0,11682,2
Bryse Wilson,PIT,6,9,4.98,23,23,0,121.0,133,67,20,88,40,1.43,6.53,3.00,4.96,0.8,0.4,999.0,19990,2
Giovanny Gallegos,STL,4,3,3.48,0,70,23,70.0,58,27,9,84,22,1.15,10.74,2.84,3.54,0.8,0.8,999.0,14986,2
Gregory Santos,SFG,3,3,3.92,6,30,0,61.0,56,27,6,62,26,1.35,9.14,3.84,3.91,0.8,0.6,999.0,21894,2
Caleb Ferguson,LAD,3,2,3.23,0,54,0,54.0,42,19,6,72,21,1.18,12.03,3.57,3.29,0.8,0.7,999.0,19349,2
Jose Alvarado,PHI,4,3,3.21,0,67,21,67.0,50,24,6,90,39,1.34,12.10,5.30,3.52,0.8,1.0,999.0,17780,2
Tommy Kahnle,LAD,3,2,3.37,0,56,0,56.0,46,21,6,71,21,1.19,11.35,3.40,3.36,0.7,0.6,999.0,11384,2
Vince Velasquez,,6,8,4.84,21,21,0,108.0,104,58,19,107,46,1.39,8.94,3.82,4.93,0.7,0.8,999.0,11189,2
Chad Green,NYY,3,3,3.72,0,63,1,63.0,53,26,10,76,18,1.13,10.89,2.61,3.77,0.7,0.7,999.0,15552,2
Sean Hjelle,SFG,5,6,4.44,15,15,0,83.0,89,41,9,60,33,1.46,6.50,3.55,4.42,0.7,0.6,999.0,3007989,2
Tyler Matzek,ATL,4,3,3.42,0,68,2,68.0,54,26,7,88,32,1.27,11.64,4.20,3.50,0.7,0.9,999.0,10058,2
Griffin Canning,LAA,5,5,4.39,11,38,0,88.0,83,43,15,91,32,1.31,9.29,3.27,4.47,0.7,0.8,999.0,19867,2
Roansy Contreras,PIT,3,3,4.12,10,10,0,55.0,52,25,7,54,19,1.30,8.90,3.16,4.11,0.7,0.7,999.0,22810,2
Art Warren,CIN,3,2,3.60,0,54,0,54.0,45,22,6,68,22,1.25,11.40,3.72,3.51,0.7,0.7,999.0,18251,2
James Karinchak,CLE,3,3,3.50,0,66,2,66.0,50,26,8,90,33,1.25,12.31,4.46,3.58,0.7,0.8,999.0,20151,2
Taylor Hearn,TEX,7,10,4.86,24,24,0,140.0,140,76,23,128,62,1.44,8.26,4.01,4.97,0.7,0.9,999.0,18325,2
Ryan Yarbrough,TBR,8,9,4.79,24,24,0,143.0,155,76,24,97,37,1.34,6.13,2.32,4.97,0.7,0.8,999.0,16502,2
Trevor May,NYM,3,3,3.42,0,63,2,63.0,50,24,8,81,23,1.16,11.56,3.26,3.43,0.7,0.6,999.0,6398,2
Peter Lambert,COL,5,7,5.43,16,22,0,95.0,111,57,16,76,34,1.53,7.18,3.22,4.93,0.7,0.6,999.0,17969,2
Michael Fulmer,DET,3,3,3.81,0,65,7,65.0,61,28,8,65,20,1.25,8.93,2.83,3.83,0.7,0.6,999.0,13218,2
Scott Barlow,KCR,3,3,3.73,0,66,27,66.0,57,27,8,75,27,1.27,10.18,3.64,3.73,0.7,0.8,999.0,14993,2
David Bednar,PIT,3,3,3.53,0,64,24,64.0,54,25,7,76,24,1.22,10.74,3.39,3.47,0.7,0.7,999.0,19569,2
Vladimir Gutierrez,CIN,7,10,5.41,24,24,0,134.0,145,81,25,115,54,1.48,7.74,3.59,5.27,0.7,0.4,999.0,19278,2
Andrew Kittredge,TBR,4,3,3.29,0,65,20,65.0,57,24,7,71,19,1.17,9.77,2.65,3.39,0.7,0.8,999.0,12828,2
Dean Kremer,BAL,4,6,5.13,16,16,0,86.0,88,49,17,73,34,1.42,7.65,3.58,5.30,0.7,0.5,999.0,19350,2
Trevor Cahill,,5,6,4.85,16,16,0,87.0,91,47,13,71,34,1.44,7.42,3.50,4.75,0.7,0.6,999.0,6249,2
Steven Cavalli,WSN,3,3,4.47,10,10,0,55.0,53,28,7,55,27,1.44,8.97,4.38,4.48,0.7,0.6,999.0,3014421,2
Tyler Gilbert,ARI,5,7,4.83,18,18,0,102.0,109,55,16,83,39,1.44,7.31,3.39,4.82,0.7,0.7,999.0,17964,2
Craig Kimbrel,CHW,4,3,3.63,0,66,4,66.0,49,27,9,94,30,1.20,12.80,4.13,3.68,0.7,0.8,999.0,6655,2
Ryan Weathers,SDP,4,4,4.28,11,21,0,68.0,68,32,10,59,24,1.36,7.80,3.19,4.52,0.7,0.6,999.0,23796,2
Jake McGee,SFG,3,3,3.64,0,66,8,66.0,59,27,8,71,20,1.20,9.70,2.69,3.65,0.7,0.5,999.0,7550,2
Anthony Bender,MIA,3,3,3.43,0,63,10,63.0,54,24,6,71,24,1.25,10.15,3.45,3.50,0.7,0.7,999.0,19742,2
Kyle Bradish,BAL,4,6,4.83,13,21,0,82.0,81,44,14,76,38,1.45,8.36,4.14,4.98,0.7,0.7,999.0,3008605,2
Edward Cabrera,MIA,3,3,3.74,6,24,0,53.0,45,22,6,61,24,1.30,10.30,4.00,3.82,0.6,0.7,999.0,21690,2
Jake Diekman,,4,3,3.52,0,69,0,69.0,54,27,7,89,35,1.30,11.57,4.61,3.73,0.6,0.9,999.0,5003,2
Gregory Soto,DET,3,3,3.56,0,68,24,68.0,56,27,7,82,34,1.31,10.84,4.46,3.71,0.6,0.9,999.0,19677,2
Cristian Javier,HOU,6,6,4.44,11,45,0,97.0,84,48,16,116,46,1.33,10.69,4.27,4.55,0.6,0.7,999.0,17606,2
Jose Urena,,6,8,4.90,21,21,0,113.0,124,61,17,82,41,1.47,6.54,3.29,4.92,0.6,0.7,999.0,11589,2
Seth Lugo,NYM,4,3,3.51,0,70,1,70.0,61,27,8,79,23,1.20,10.14,2.93,3.55,0.6,0.5,999.0,12447,2
Cole Hamels,,4,5,4.69,13,13,0,73.0,75,38,11,61,27,1.41,7.58,3.39,4.70,0.6,0.6,999.0,4972,2
Kervin Castro,SFG,4,5,4.24,8,48,0,86.0,82,41,10,83,38,1.39,8.66,3.92,4.24,0.6,0.5,999.0,21656,2
Tanner Scott,BAL,3,3,3.58,0,60,2,60.0,49,24,7,72,30,1.33,10.81,4.52,3.85,0.6,0.8,999.0,17586,2
Kirby Yates,,3,3,3.70,0,60,0,60.0,51,25,8,73,21,1.19,10.99,3.15,3.65,0.6,0.6,999.0,9073,2
Will Smith,ATL,4,3,3.77,0,70,30,70.0,60,29,10,86,27,1.24,11.06,3.43,3.76,0.6,0.7,999.0,8048,2
Adrian Morejon,SDP,2,2,3.37,5,13,0,34.0,28,13,4,40,13,1.22,10.65,3.44,3.49,0.6,0.6,999.0,20039,2
Garrett Whitlock,BOS,4,3,3.77,0,68,20,68.0,64,29,8,71,22,1.26,9.37,2.89,3.65,0.6,0.8,999.0,20191,2
Luis Gil,NYY,4,5,4.60,10,34,0,78.0,69,40,13,90,42,1.42,10.36,4.88,4.75,0.6,0.5,999.0,21052,2
Brandon Williamson,SEA,3,4,4.18,10,10,0,55.0,51,26,8,57,21,1.30,9.29,3.44,4.38,0.6,0.7,999.0,3011494,2
Tyler Beede,SFG,7,9,4.66,21,37,0,135.0,133,70,17,125,66,1.48,8.37,4.41,4.61,0.6,0.6,999.0,16981,2
Daniel Lynch,KCR,4,5,4.68,13,13,0,70.0,72,36,10,55,28,1.43,7.06,3.55,4.75,0.6,0.8,999.0,21537,2
Paolo Espino,WSN,4,5,4.89,11,26,0,75.0,81,41,13,64,21,1.36,7.69,2.55,4.74,0.6,0.3,999.0,8246,2
Collin McHugh,,3,3,3.73,0,64,0,64.0,57,27,8,71,20,1.22,9.95,2.87,3.73,0.6,0.6,999.0,7531,2
Genesis Cabrera,STL,4,3,3.44,0,66,1,66.0,52,25,7,80,31,1.26,10.94,4.17,3.70,0.6,0.8,999.0,17490,2
Wil Crowe,PIT,5,7,4.58,13,45,0,100.0,99,51,15,93,41,1.40,8.35,3.70,4.57,0.6,0.4,999.0,19800,2
Richard Bleier,MIA,3,3,3.38,0,62,2,62.0,63,23,5,49,16,1.27,7.06,2.33,3.51,0.6,0.6,999.0,7803,2
Sam Coonrod,PHI,3,3,3.62,0,62,3,62.0,53,25,7,71,25,1.26,10.24,3.66,3.74,0.6,0.6,999.0,17264,2
Pierce Johnson,SDP,3,3,3.67,0,65,22,65.0,54,26,8,79,28,1.26,10.94,3.90,3.74,0.6,0.5,999.0,13435,2
Matt Shoemaker,,4,5,4.86,15,15,0,79.0,85,43,13,63,27,1.41,7.15,3.09,4.88,0.6,0.5,999.0,4776,2
Luke Jackson,ATL,4,3,3.66,0,66,1,66.0,59,27,7,73,27,1.31,9.90,3.71,3.62,0.6,0.7,999.0,11752,2
Cody Morris,CLE,4,4,4.07,6,38,0,69.0,63,31,10,72,25,1.27,9.41,3.26,4.16,0.6,0.7,999.0,3008653,2
Spencer Strider,ATL,2,2,3.80,3,25,0,40.0,34,17,5,50,17,1.25,11.10,3.71,3.78,0.6,0.5,999.0,27498,2
Jake Odorizzi,HOU,4,4,4.20,6,50,0,78.0,73,36,13,78,23,1.24,9.06,2.67,4.28,0.6,0.6,999.0,6397,2
Camilo Doval,SFG,3,3,3.45,0,67,26,67.0,54,26,6,84,35,1.33,11.28,4.74,3.52,0.6,0.7,999.0,21992,2
Corey Knebel,,3,3,3.66,0,57,0,57.0,47,23,7,70,23,1.23,11.09,3.59,3.64,0.6,0.6,999.0,15010,2
Dylan Coleman,KCR,3,3,3.83,0,60,0,60.0,52,26,7,68,27,1.31,10.17,4.05,3.88,0.6,0.6,999.0,22276,2
Diego Castillo,SEA,3,3,3.59,0,65,4,65.0,56,26,8,72,24,1.24,9.98,3.35,3.75,0.6,0.7,999.0,17496,2
Zac Lowther,BAL,6,8,4.95,19,31,0,118.0,121,65,21,100,52,1.46,7.59,3.97,5.23,0.6,0.7,999.0,20243,2
Jake Cousins,MIL,3,3,3.61,0,60,0,60.0,50,24,7,73,27,1.28,10.98,4.03,3.65,0.6,0.7,999.0,21620,2
A.J. Puk,OAK,4,4,3.83,3,63,5,78.0,70,33,10,80,31,1.30,9.22,3.59,4.06,0.6,0.7,999.0,19343,2
Pete Fairbanks,TBR,3,3,3.47,0,64,9,64.0,51,25,7,78,27,1.21,10.98,3.73,3.54,0.6,0.7,999.0,17998,2
MacKenzie Gore,SDP,3,3,4.26,10,10,0,55.0,52,26,7,54,26,1.40,8.70,4.17,4.49,0.6,0.6,999.0,3005068,2
Bailey Falter,PHI,3,3,3.83,2,50,0,57.0,53,24,8,59,17,1.23,9.35,2.75,3.96,0.6,0.6,999.0,20070,2
Mike Foltynewicz,,6,9,5.15,23,23,0,126.0,137,72,24,99,42,1.42,7.04,3.01,5.17,0.6,0.4,999.0,10811,2
Will Harris,WSN,3,3,4.04,0,56,1,56.0,55,25,7,55,20,1.33,8.87,3.18,3.92,0.5,0.4,999.0,3192,2
Tim Mayza,TOR,3,3,3.62,0,62,2,62.0,56,25,7,65,24,1.29,9.46,3.42,3.74,0.5,0.8,999.0,15042,2
Daniel Hudson,,3,3,3.89,0,63,0,63.0,53,27,9,76,24,1.23,10.83,3.45,3.89,0.5,0.5,999.0,7146,2
Lewis Thorpe,MIN,5,7,5.10,16,28,0,101.0,110,57,16,76,40,1.49,6.78,3.60,5.10,0.5,0.4,999.0,15906,2
Craig Stammen,SDP,3,3,3.72,0,58,0,58.0,57,24,7,55,14,1.22,8.50,2.21,3.62,0.5,0.4,999.0,7274,2
Zach Davies,,8,11,5.15,29,29,0,153.0,170,88,25,115,61,1.51,6.78,3.61,5.13,0.5,0.5,999.0,13183,2
George Kirby,SEA,3,3,4.29,8,8,0,46.0,47,22,7,40,14,1.32,7.71,2.82,4.37,0.5,0.5,999.0,3011526,2
A.J. Minter,ATL,3,3,3.61,0,62,0,62.0,54,25,7,72,25,1.27,10.40,3.65,3.66,0.5,0.7,999.0,18655,2
Patrick Murphy,WSN,3,2,3.86,0,53,0,53.0,50,23,6,55,21,1.33,9.34,3.51,3.82,0.5,0.4,999.0,19712,2
Kolby Allard,TEX,5,7,4.74,16,28,0,101.0,105,53,17,85,34,1.39,7.58,3.05,4.79,0.5,0.6,999.0,18694,2
Josh Taylor,BOS,3,3,3.74,0,60,1,60.0,52,25,7,70,26,1.30,10.53,3.97,3.78,0.5,0.7,999.0,17359,2
Andres Munoz,SEA,2,2,3.29,0,46,1,46.0,34,17,5,62,22,1.21,12.23,4.22,3.41,0.5,0.7,999.0,20373,2
Ryan Tepera,,3,3,3.96,0,66,0,66.0,59,29,9,72,26,1.29,9.79,3.57,4.01,0.5,0.5,999.0,10291,2
Paul Sewald,SEA,3,3,3.74,0,67,6,67.0,55,28,10,82,24,1.17,11.01,3.21,3.83,0.5,0.6,999.0,13892,2
Tanner Rainey,WSN,3,3,4.04,0,65,7,65.0,53,29,8,84,37,1.37,11.69,5.08,4.10,0.5,0.5,999.0,17610,2
Andre Jackson,LAD,5,6,4.92,15,27,0,95.0,97,52,16,84,40,1.44,7.91,3.77,5.03,0.5,0.1,999.0,21298,2
Josh Winder,MIN,5,7,5.14,18,18,0,102.0,109,58,19,82,34,1.41,7.29,2.99,5.06,0.5,0.5,999.0,3007993,2
Kenley Jansen,,3,3,4.06,0,67,0,67.0,57,30,9,78,28,1.27,10.52,3.77,4.05,0.5,0.4,999.0,3096,2
Joe Kelly,,3,3,3.61,0,58,0,58.0,52,23,6,63,25,1.32,9.70,3.87,3.71,0.5,0.7,999.0,9761,2
Keegan Thompson,CHC,6,7,4.77,13,55,0,111.0,110,59,16,106,51,1.46,8.59,4.16,4.71,0.5,0.4,999.0,19795,2
Phil Bickford,LAD,3,3,3.82,0,61,0,61.0,53,26,8,70,24,1.26,10.39,3.52,3.84,0.5,0.4,999.0,18519,2
Jordan Hicks,STL,3,3,3.38,0,57,3,57.0,48,21,5,64,29,1.34,10.17,4.56,3.61,0.5,0.6,999.0,19618,2
Daniel Bard,COL,3,3,4.52,0,65,9,65.0,63,33,9,73,29,1.42,10.07,4.02,4.20,0.5,0.4,999.0,7115,2
Kyle Wright,ATL,3,3,4.10,5,33,0,55.0,53,25,6,53,20,1.34,8.66,3.22,4.01,0.5,0.5,999.0,19665,2
Luis Garcia,,3,3,3.79,0,58,0,58.0,52,24,7,62,23,1.29,9.64,3.54,3.80,0.5,0.5,999.0,6984,2
Connor Brogdon,PHI,3,3,4.05,0,64,1,64.0,58,29,9,68,24,1.28,9.56,3.44,4.17,0.5,0.3,999.0,21205,2
Brock Burke,TEX,3,4,4.30,8,22,0,60.0,58,29,9,56,23,1.36,8.48,3.48,4.44,0.5,0.6,999.0,17968,2
Tim Hill,SDP,3,3,3.56,0,62,1,62.0,57,24,6,61,23,1.29,8.81,3.34,3.76,0.5,0.5,999.0,16814,2
Miguel Castro,NYM,3,3,3.60,0,63,0,63.0,52,25,6,73,32,1.33,10.48,4.53,3.78,0.5,0.4,999.0,15684,2
Tyler Wells,BAL,3,3,4.26,0,64,21,64.0,57,30,11,73,22,1.23,10.27,3.05,4.34,0.5,0.4,999.0,20000,2
Joely Rodriguez,NYY,3,2,3.73,0,56,0,56.0,51,23,6,58,23,1.32,9.38,3.72,3.91,0.5,0.6,999.0,11487,2
David Phelps,,3,3,3.87,0,58,0,58.0,52,25,7,66,23,1.28,10.18,3.49,3.86,0.5,0.5,999.0,6316,2
Jorge Lopez,BAL,3,3,3.92,0,56,2,56.0,53,24,8,57,18,1.26,9.17,2.83,4.02,0.4,0.5,999.0,14527,2
Ryan Rolison,COL,3,4,5.36,10,10,0,55.0,63,33,10,46,21,1.52,7.47,3.39,5.00,0.4,0.4,999.0,3008244,2
Alex Vesia,LAD,3,3,3.82,0,62,2,62.0,50,26,9,80,30,1.28,11.63,4.30,4.01,0.4,0.4,999.0,25007,2
Josh Fleming,TBR,5,5,4.15,10,42,0,86.0,92,40,10,61,27,1.38,6.36,2.79,4.34,0.4,0.7,999.0,20418,2
Amir Garrett,CIN,3,3,4.03,0,61,1,61.0,53,27,8,74,30,1.36,10.98,4.43,4.11,0.4,0.5,999.0,14375,2
Dylan Floro,MIA,3,3,3.77,0,67,19,67.0,64,28,7,63,25,1.33,8.41,3.34,3.83,0.4,0.4,999.0,13394,2
Michael King,NYY,4,3,4.16,3,53,0,68.0,64,31,10,68,24,1.30,9.01,3.16,4.23,0.4,0.5,999.0,19853,2
Jackson Kowar,KCR,3,3,4.40,6,20,0,48.0,47,24,6,47,20,1.38,8.64,3.75,4.38,0.4,0.5,999.0,21549,2
Kendall Graveman,,3,3,3.84,0,62,1,62.0,57,26,8,66,23,1.30,9.61,3.40,3.96,0.4,0.5,999.0,15514,2
Josh Staumont,KCR,3,3,4.06,0,64,5,64.0,55,29,8,72,30,1.34,10.09,4.28,4.12,0.4,0.6,999.0,18335,2
Michael Lorenzen,CIN,5,6,4.47,8,64,0,102.0,103,51,13,90,43,1.42,7.90,3.75,4.50,0.4,0.5,999.0,14843,2
Javy Guerra,SDP,2,2,3.66,0,38,0,38.0,33,15,4,42,16,1.29,9.99,3.68,3.71,0.4,0.3,999.0,17292,2
Scott Kazmir,,3,4,4.62,10,10,0,53.0,54,27,8,45,19,1.39,7.73,3.22,4.67,0.4,0.5,999.0,4897,2
Jeff Hoffman,CIN,4,4,4.41,2,64,1,71.0,65,35,11,79,29,1.34,10.13,3.76,4.37,0.4,0.4,999.0,17432,2
Jake Arrieta,,5,7,5.10,18,18,0,92.0,100,52,14,69,35,1.48,6.76,3.46,5.01,0.4,0.3,999.0,4153,2
Adam Oller,NYM,3,3,4.39,8,8,0,46.0,45,23,7,43,19,1.37,8.32,3.61,4.53,0.4,0.4,999.0,913099,2
Chris Stratton,PIT,3,3,4.05,0,68,7,68.0,65,31,9,69,26,1.33,9.09,3.39,4.02,0.4,0.3,999.0,13761,2
Brooks Raley,,3,3,3.79,0,61,0,61.0,55,26,8,65,22,1.27,9.58,3.27,3.92,0.4,0.5,999.0,10061,2
Julio Teheran,,5,7,5.29,18,18,0,96.0,101,57,17,83,43,1.49,7.75,4.00,5.31,0.4,0.2,999.0,6797,2
Matthew Liberatore,STL,3,3,4.31,8,8,0,46.0,46,22,6,38,16,1.36,7.37,3.20,4.55,0.4,0.4,999.0,3008163,2
Ryne Nelson,ARI,2,2,4.44,6,6,0,37.0,35,18,5,37,15,1.36,8.96,3.61,4.41,0.4,0.4,999.0,3011524,2
Nick Sandlin,CLE,3,3,3.80,0,62,1,62.0,51,26,8,74,29,1.30,10.78,4.21,3.93,0.4,0.6,999.0,20517,2
Julian Merryweather,TOR,3,2,3.83,0,54,2,54.0,48,23,7,60,21,1.27,10.07,3.48,3.82,0.4,0.6,999.0,16703,2
Manuel Rodriguez,CHC,3,3,4.10,0,58,2,58.0,53,26,6,61,29,1.42,9.50,4.54,4.14,0.4,0.3,999.0,20794,2
Hector Neris,,4,3,3.92,0,72,3,72.0,62,31,10,84,30,1.28,10.44,3.78,4.03,0.4,0.5,999.0,11804,2
Codi Heuer,CHC,3,3,4.16,0,68,4,68.0,67,31,8,63,26,1.37,8.37,3.46,4.15,0.4,0.3,999.0,23293,2
Tanner Roark,,3,4,5.02,11,11,0,62.0,67,34,11,49,22,1.43,7.13,3.15,5.00,0.4,0.3,999.0,8753,2
Daniel Norris,,3,3,3.83,0,56,0,56.0,52,24,7,59,20,1.28,9.47,3.24,3.88,0.4,0.4,999.0,13475,2
Aaron Loup,LAA,3,3,3.77,0,65,4,65.0,61,27,8,64,22,1.27,8.92,3.06,3.96,0.4,0.5,999.0,10343,2
Jake Brentz,KCR,3,3,3.74,0,60,1,60.0,51,25,6,69,31,1.36,10.33,4.63,3.93,0.4,0.7,999.0,17783,2
Jordan Balazovic,MIN,4,5,5.12,13,13,0,74.0,79,42,12,59,31,1.49,7.19,3.72,5.03,0.4,0.4,999.0,918017,2
Ethan Small,MIL,3,3,4.52,8,8,0,46.0,44,23,7,44,22,1.44,8.53,4.34,4.75,0.4,0.5,999.0,3011621,2
Matt Strahm,SDP,3,2,3.68,0,54,0,54.0,49,22,7,57,16,1.19,9.48,2.59,3.78,0.4,0.4,999.0,13799,2
Jay Jackson,ATL,3,2,3.79,0,52,0,52.0,44,22,6,64,22,1.28,11.03,3.82,3.72,0.4,0.4,999.0,7432,2
Matt Moore,,5,8,5.17,19,19,0,104.0,109,60,19,88,47,1.49,7.58,4.03,5.27,0.4,0.3,999.0,1890,2
Steven Okert,MIA,3,3,3.83,0,56,0,56.0,48,24,8,61,22,1.25,9.88,3.54,4.06,0.4,0.3,999.0,13580,2
Zach Thompson,MIA,3,3,3.99,2,54,0,61.0,58,27,8,58,21,1.30,8.52,3.10,4.06,0.4,0.3,999.0,16094,2
Brendan McKay,TBR,2,2,3.67,3,20,0,35.0,30,14,5,40,12,1.21,10.19,3.16,3.83,0.4,0.5,999.0,20186,2
Kutter Crawford,BOS,3,3,4.50,6,30,0,60.0,58,30,9,61,21,1.32,9.10,3.15,4.35,0.4,0.6,999.0,20531,2
A.J. Alexy,TEX,6,10,5.18,23,23,0,127.0,129,73,22,114,63,1.51,8.06,4.48,5.30,0.4,0.4,999.0,22343,2
Casey Sadler,SEA,3,3,3.88,0,60,0,60.0,56,26,7,58,21,1.29,8.72,3.12,4.02,0.4,0.4,999.0,11209,2
Luis Cessa,CIN,3,3,4.32,0,66,4,66.0,66,32,9,63,24,1.37,8.64,3.26,4.24,0.4,0.3,999.0,13345,2
Adam Ottavino,,3,3,4.14,0,68,0,68.0,58,31,8,80,34,1.36,10.56,4.55,4.07,0.4,0.3,999.0,1247,2
Jeurys Familia,,3,3,3.97,0,65,0,65.0,59,29,7,68,30,1.37,9.40,4.13,4.03,0.4,0.4,999.0,5114,2
Chad Kuhl,PIT,4,4,4.09,2,64,2,71.0,65,32,9,75,29,1.34,9.59,3.75,4.07,0.4,0.3,999.0,14975,2
Cristopher Sanchez,PHI,2,2,3.58,0,36,0,36.0,31,14,4,39,18,1.36,9.81,4.40,3.87,0.4,0.3,999.0,20778,2
Dayton Hall,BAL,2,3,4.82,8,8,0,46.0,44,25,7,46,26,1.50,8.93,5.03,5.10,0.4,0.5,999.0,3005282,2
Rowan Wick,CHC,3,3,4.04,0,64,29,64.0,58,29,8,69,27,1.34,9.68,3.86,4.00,0.4,0.4,999.0,14646,2
Andrew Chafin,,4,3,3.99,0,70,0,70.0,66,31,9,69,27,1.33,8.82,3.44,4.11,0.4,0.4,999.0,12988,2
Max Meyer,MIA,2,2,4.15,5,5,0,28.0,27,13,3,25,11,1.39,8.06,3.70,4.21,0.4,0.3,999.0,3014430,2
Dominic Leone,SFG,3,3,3.82,0,62,0,62.0,55,26,7,69,26,1.31,10.03,3.82,3.80,0.3,0.4,999.0,13763,2
Caleb Thielbar,MIN,3,3,4.11,0,62,1,62.0,56,28,9,67,23,1.27,9.76,3.28,4.14,0.3,0.4,999.0,10078,2
Kyle Finnegan,WSN,3,3,4.22,0,66,28,66.0,62,31,8,69,30,1.40,9.43,4.10,4.17,0.3,0.3,999.0,15009,2
Tony Santillan,CIN,3,4,4.43,3,51,0,66.0,59,32,11,77,30,1.35,10.49,4.10,4.44,0.3,0.4,999.0,19926,2
Jorge Alcala,MIN,3,3,4.03,0,62,4,62.0,57,28,9,67,22,1.27,9.72,3.21,4.00,0.3,0.4,999.0,19459,2
David Robertson,,3,3,3.94,0,59,0,59.0,53,26,7,65,24,1.31,9.97,3.70,3.93,0.3,0.4,999.0,8241,2
Mike Mayers,LAA,3,3,4.04,0,67,25,67.0,60,30,10,74,24,1.26,9.97,3.20,4.11,0.3,0.5,999.0,15451,2
Jose Cisnero,DET,3,3,4.12,0,61,1,61.0,55,28,8,63,27,1.35,9.27,4.00,4.21,0.3,0.4,999.0,6399,2
Trevor Rosenthal,,3,3,3.93,0,58,0,58.0,48,25,7,71,32,1.37,11.07,4.90,4.03,0.3,0.5,999.0,10745,2
Sam Howard,PIT,3,3,3.84,0,56,0,56.0,47,24,7,66,28,1.35,10.58,4.56,4.02,0.3,0.4,999.0,16265,2
Clay Holmes,NYY,3,3,3.86,0,60,1,60.0,54,26,6,64,29,1.39,9.58,4.37,4.02,0.3,0.5,999.0,13649,2
J.B. Wendelken,ARI,3,3,4.21,0,65,21,65.0,62,30,8,64,27,1.38,8.82,3.80,4.20,0.3,0.3,999.0,14506,2
Jose Castillo,SDP,1,1,3.14,0,24,0,24.0,18,8,3,32,10,1.17,12.10,3.72,3.25,0.3,0.4,999.0,17169,2
Drew Pomeranz,SDP,2,1,3.41,0,32,0,32.0,26,12,4,40,14,1.24,11.24,3.81,3.52,0.3,0.4,999.0,11426,2
Alex Reyes,STL,4,3,3.84,0,68,9,68.0,54,29,8,83,39,1.37,10.95,5.20,4.09,0.3,0.4,999.0,15015,2
Reynaldo Lopez,CHW,3,3,4.23,3,43,0,57.0,53,27,9,59,18,1.25,9.27,2.89,4.34,0.3,0.4,999.0,16400,2
Paul Fry,BAL,3,3,3.94,0,52,0,52.0,46,23,6,56,27,1.41,9.65,4.68,4.23,0.3,0.4,999.0,15832,2
Nick Nelson,NYY,3,3,3.86,0,56,1,56.0,48,24,6,65,28,1.36,10.40,4.53,4.00,0.3,0.4,999.0,20153,2
Kyle Muller,ATL,3,3,4.48,8,8,0,44.0,42,22,6,46,23,1.46,9.23,4.66,4.60,0.3,0.4,999.0,20167,2
Emilio Pagan,SDP,3,3,4.16,0,64,3,64.0,57,30,11,71,22,1.23,10.01,3.03,4.21,0.3,0.2,999.0,14771,2
Cole Sulser,BAL,3,3,4.25,0,66,6,66.0,60,31,10,69,27,1.32,9.45,3.68,4.42,0.3,0.4,999.0,15256,2
Jordan Yamamoto,NYM,4,5,4.82,11,25,0,77.0,78,41,13,68,29,1.39,7.98,3.44,4.88,0.3,0.0,999.0,17585,2
Danny Coulombe,MIN,3,3,4.00,0,54,0,54.0,52,24,7,54,21,1.34,9.03,3.42,4.05,0.3,0.4,999.0,13293,2
Brad Wieck,CHC,3,3,3.91,0,55,1,55.0,46,24,7,69,26,1.30,11.29,4.21,3.96,0.3,0.4,999.0,16390,2
Jon Lester,,6,9,5.28,23,23,0,123.0,140,72,21,85,43,1.49,6.25,3.15,5.19,0.3,0.3,999.0,4930,2
Brent Suter,MIL,3,3,3.92,0,65,1,65.0,64,28,8,60,21,1.30,8.38,2.85,4.06,0.3,0.4,999.0,13942,2
Ryne Stanek,HOU,4,3,4.05,0,70,1,70.0,59,31,10,85,33,1.30,10.87,4.19,4.18,0.3,0.4,999.0,15947,2
Chris Martin,,3,3,4.03,0,57,0,57.0,57,26,8,53,14,1.25,8.38,2.23,3.95,0.3,0.3,999.0,11847,2
Mike Fiers,,6,10,5.48,23,23,0,127.0,147,78,25,85,38,1.45,6.00,2.68,5.48,0.3,0.1,999.0,7754,2
Touki Toussaint,ATL,3,3,4.08,2,46,0,53.0,48,24,6,58,24,1.37,9.86,4.10,4.09,0.3,0.4,999.0,16929,2
Ian Kennedy,,3,3,4.25,0,63,0,63.0,59,30,11,67,21,1.26,9.60,2.95,4.31,0.3,0.2,999.0,6986,2
Jose Quijada,LAA,3,3,3.97,0,64,0,64.0,55,28,9,75,31,1.34,10.48,4.41,4.25,0.3,0.5,999.0,19200,2
Austin Voth,WSN,3,3,4.29,0,63,1,63.0,60,30,10,65,22,1.32,9.31,3.21,4.28,0.3,0.3,999.0,15047,2
Sean Poppen,ARI,2,2,3.85,0,42,0,42.0,39,18,4,43,18,1.36,9.15,3.77,3.81,0.3,0.3,999.0,19583,2
Anthony Bass,MIA,3,3,3.89,0,63,2,63.0,60,27,7,61,25,1.35,8.71,3.58,4.00,0.3,0.3,999.0,7982,2
Hansel Robles,,3,3,4.09,0,68,0,68.0,61,31,9,76,29,1.32,10.04,3.84,4.10,0.3,0.4,999.0,11801,2
Ken Giles,SEA,3,3,3.89,0,54,8,54.0,48,23,7,58,19,1.25,9.75,3.16,3.96,0.3,0.4,999.0,12910,2
Jesse Hahn,,2,2,4.07,0,44,0,44.0,40,20,5,47,21,1.38,9.53,4.21,4.15,0.3,0.2,999.0,13287,2
Victor Gonzalez,LAD,2,2,3.60,0,40,0,40.0,36,16,4,42,16,1.31,9.35,3.65,3.80,0.3,0.3,999.0,16408,2
Hunter Harvey,SFG,2,2,3.86,0,48,0,48.0,45,21,5,48,18,1.30,9.05,3.30,3.84,0.3,0.3,999.0,15507,2
Alec Bettinger,MIL,2,2,4.40,3,21,0,36.0,37,18,6,31,11,1.32,7.71,2.68,4.45,0.3,0.2,999.0,20312,2
Mark Melancon,,3,3,4.01,0,66,0,66.0,67,29,7,57,24,1.39,7.75,3.32,4.06,0.3,0.4,999.0,4264,2
Derek Holland,,3,3,4.03,0,59,0,59.0,54,26,9,63,23,1.30,9.69,3.45,4.17,0.3,0.4,999.0,4141,2
Garrett Cleavinger,LAD,2,2,3.59,0,36,0,36.0,29,14,4,46,18,1.32,11.56,4.61,3.76,0.3,0.3,999.0,17897,2
Louis Head,MIA,2,2,3.91,0,38,0,38.0,34,16,5,39,14,1.29,9.24,3.40,3.99,0.3,0.2,999.0,13259,2
Trevor Richards,TOR,3,3,4.15,0,56,0,56.0,52,26,9,60,20,1.27,9.57,3.15,4.23,0.3,0.4,999.0,19309,2
Taylor Widener,ARI,4,4,4.57,5,51,0,73.0,69,37,11,75,30,1.36,9.27,3.66,4.50,0.3,0.3,999.0,19266,2
Cionel Perez,CIN,2,2,4.11,0,44,0,44.0,40,20,6,46,23,1.41,9.34,4.62,4.49,0.3,0.3,999.0,19614,2
Jeffrey Springs,TBR,2,2,3.54,0,40,0,40.0,33,16,5,49,16,1.20,10.97,3.51,3.73,0.3,0.4,999.0,17677,2
Caleb Kilian,CHC,1,1,4.24,3,3,0,18.0,19,9,3,16,5,1.30,7.80,2.45,4.15,0.3,0.3,999.0,3011773,2
Colin Poche,TBR,3,2,3.72,0,52,0,52.0,42,21,7,64,21,1.21,11.12,3.61,3.89,0.3,0.4,999.0,19403,2
JT Chargois,TBR,3,3,3.79,0,63,3,63.0,56,27,7,68,26,1.30,9.72,3.73,3.92,0.3,0.4,999.0,13767,2
Anthony Misiewicz,SEA,3,3,3.82,0,58,1,58.0,54,25,8,58,19,1.25,9.06,2.92,4.03,0.3,0.4,999.0,18152,2
Jaime Barria,LAA,5,6,5.06,15,33,0,96.0,105,54,19,73,28,1.38,6.83,2.63,5.18,0.3,0.2,999.0,18356,2
Jose Leclerc,TEX,2,2,3.73,0,36,0,36.0,29,15,5,46,16,1.25,11.40,4.05,3.81,0.3,0.3,999.0,14524,2
Austin Adams,SDP,3,2,3.82,0,48,0,48.0,39,20,5,60,24,1.32,11.27,4.55,3.90,0.3,0.3,999.0,13801,2
Tyler Duffey,MIN,3,3,4.19,0,66,4,66.0,63,31,9,68,26,1.35,9.33,3.52,4.11,0.3,0.3,999.0,13758,2
Josh Rogers,WSN,4,6,5.48,15,15,0,84.0,97,51,16,57,28,1.49,6.10,3.03,5.47,0.3,0.1,999.0,18510,2
Carlos Estevez,COL,3,3,4.77,0,63,19,63.0,65,33,10,66,23,1.39,9.37,3.25,4.33,0.3,0.2,999.0,14542,2
Zach Logue,TOR,2,2,4.64,6,6,0,37.0,38,19,6,31,12,1.34,7.45,2.83,4.81,0.3,0.5,999.0,915822,2
Trevor Megill,CHC,2,2,3.91,0,33,0,33.0,30,14,4,37,13,1.31,10.02,3.66,3.86,0.3,0.2,999.0,17722,2
Heath Hembree,,3,3,4.25,0,57,0,57.0,50,27,9,68,24,1.29,10.71,3.79,4.22,0.3,0.2,999.0,11632,2
Luis Frias,ARI,2,2,4.09,2,38,0,45.0,42,21,5,47,19,1.36,9.33,3.87,4.07,0.3,0.4,999.0,21997,2
Tyler Rogers,SFG,3,4,4.08,0,70,5,70.0,74,32,7,53,21,1.36,6.83,2.70,4.01,0.3,0.1,999.0,15541,2
Robert Stephenson,COL,3,3,4.74,0,63,2,63.0,62,33,10,71,26,1.40,10.19,3.70,4.34,0.3,0.3,999.0,13594,2
Scott Effross,CHC,3,3,4.17,0,62,0,62.0,63,29,8,56,20,1.34,8.06,2.95,4.14,0.2,0.3,999.0,18384,2
Paul Blackburn,OAK,2,3,4.16,3,31,0,45.0,48,21,6,33,12,1.32,6.58,2.37,4.24,0.2,0.2,999.0,14739,2
JC Mejia,CLE,3,3,4.31,3,45,0,59.0,57,28,8,58,25,1.38,8.82,3.79,4.36,0.2,0.3,999.0,20617,2
Austin Warren,LAA,3,3,4.27,0,62,4,62.0,60,29,8,58,27,1.40,8.48,3.96,4.44,0.2,0.2,999.0,24937,2
Anthony Banda,PIT,3,3,4.10,0,60,0,60.0,59,27,7,56,23,1.36,8.35,3.47,4.18,0.2,0.2,999.0,14706,2
Cory Abbott,CHC,2,3,4.94,6,16,0,47.0,46,26,8,45,22,1.46,8.66,4.31,4.96,0.2,0.2,999.0,20277,2
Seth Romero,WSN,1,1,4.10,2,20,0,27.0,25,12,4,29,12,1.37,9.47,3.88,4.17,0.2,0.3,999.0,21333,2
Josh Sborz,TEX,3,3,4.09,0,60,1,60.0,54,27,8,67,26,1.34,10.07,3.97,4.10,0.2,0.3,999.0,18323,2
Sean Newcomb,ATL,2,1,3.68,0,30,0,30.0,26,12,3,35,13,1.30,10.48,3.90,3.75,0.2,0.3,999.0,16943,2
Justus Sheffield,SEA,4,4,4.25,6,42,0,71.0,70,34,9,65,30,1.40,8.15,3.83,4.46,0.2,0.4,999.0,17285,2
Matt Wisler,TBR,3,3,4.00,0,60,2,60.0,52,27,9,66,20,1.21,9.94,3.02,4.09,0.2,0.3,999.0,12804,2
Anthony Castro,TOR,2,2,4.12,0,40,0,40.0,36,18,5,43,18,1.35,9.60,4.03,4.20,0.2,0.3,999.0,19789,2
Hoby Milner,MIL,2,1,3.68,0,30,0,30.0,27,12,4,33,9,1.21,9.80,2.79,3.78,0.2,0.3,999.0,13346,2
Zach Pop,MIA,3,3,3.88,0,58,0,58.0,54,25,6,56,25,1.37,8.69,3.86,3.98,0.2,0.3,999.0,20185,2
Dillon Tate,BAL,3,3,4.23,0,58,1,58.0,58,27,8,50,21,1.36,7.76,3.27,4.41,0.2,0.3,999.0,17796,2
Samuel Delaplane,SFG,1,1,3.61,0,28,0,28.0,24,11,3,33,12,1.27,10.56,3.82,3.61,0.2,0.3,999.0,3004222,2
Tobias Myers,TBR,3,3,4.42,5,29,0,52.0,50,25,9,49,16,1.29,8.49,2.86,4.53,0.2,0.4,999.0,918088,2
Brad Boxberger,,3,3,4.24,0,65,0,65.0,58,31,9,72,30,1.35,10.03,4.11,4.29,0.2,0.2,999.0,10133,2
Joan Adon,WSN,2,2,4.80,5,5,0,28.0,28,15,4,25,12,1.48,8.06,4.07,4.73,0.2,0.2,999.0,22925,2
Jon Heasley,KCR,2,3,4.80,5,23,0,45.0,47,24,7,36,17,1.41,7.21,3.36,4.83,0.2,0.2,999.0,22224,2
John King,TEX,3,3,3.84,0,55,0,55.0,55,23,6,48,18,1.32,7.89,2.94,4.01,0.2,0.4,999.0,22051,2
Mason Thompson,WSN,2,2,4.39,0,43,0,43.0,42,21,5,41,21,1.47,8.58,4.34,4.38,0.2,0.1,999.0,21850,2
Kyle McGowin,,2,2,4.20,0,40,0,40.0,37,19,6,41,15,1.30,9.32,3.37,4.25,0.2,0.2,999.0,15071,2
Wander Suero,WSN,2,2,4.46,0,48,0,48.0,47,24,7,48,18,1.35,8.98,3.36,4.41,0.2,0.1,999.0,15855,2
Ryan Borucki,TOR,2,2,3.95,0,46,0,46.0,42,20,6,47,20,1.35,9.27,3.83,4.06,0.2,0.4,999.0,16350,2
Caleb Smith,ARI,3,3,4.28,0,65,8,65.0,57,31,10,75,28,1.31,10.44,3.84,4.35,0.2,0.3,999.0,14875,2
Wade LeBlanc,,3,4,5.16,11,11,0,60.0,67,34,11,43,20,1.44,6.49,2.98,5.24,0.2,0.2,999.0,5221,2
Angel Perdomo,MIL,2,2,3.67,0,38,0,38.0,29,16,4,50,22,1.35,11.76,5.16,3.97,0.2,0.4,999.0,17759,2
Brad Hand,,3,3,4.16,0,67,0,67.0,61,31,10,72,26,1.30,9.63,3.47,4.21,0.2,0.3,999.0,9111,2
Corbin Martin,ARI,3,4,5.06,10,10,0,53.0,54,30,8,48,26,1.51,8.18,4.45,4.96,0.2,0.2,999.0,19884,2
Justin Wilson,CIN,3,3,4.47,0,58,1,58.0,54,29,8,62,28,1.42,9.55,4.34,4.51,0.2,0.2,999.0,4301,2
Ryan Thompson,TBR,3,3,3.80,0,55,1,55.0,51,23,6,53,20,1.29,8.66,3.26,3.97,0.2,0.4,999.0,16647,2
Tommy Romero,TBR,2,2,4.28,5,15,0,38.0,35,18,6,37,13,1.28,8.81,3.22,4.46,0.2,0.4,999.0,3004469,2
Thomas Hatch,TOR,2,2,4.56,3,29,0,44.0,44,22,7,39,15,1.35,8.03,3.16,4.62,0.2,0.3,999.0,19264,2
Justin Topa,MIL,1,1,4.00,0,27,0,27.0,26,12,3,26,10,1.33,8.52,3.25,4.06,0.2,0.2,999.0,15145,2
Lucas Luetge,NYY,2,2,4.12,0,44,0,44.0,43,20,6,43,15,1.30,8.78,3.00,4.22,0.2,0.2,999.0,8337,2
Seranthony Dominguez,PHI,3,3,4.09,0,58,7,58.0,54,26,7,59,25,1.37,9.19,3.96,4.21,0.2,0.2,999.0,19249,2
Justin Bruihl,LAD,3,2,4.02,0,50,0,50.0,48,22,6,48,20,1.36,8.68,3.60,4.20,0.2,0.2,999.0,23779,2
Andrew Wantz,LAA,3,3,4.33,0,61,1,61.0,57,29,10,63,23,1.31,9.23,3.40,4.49,0.2,0.2,999.0,24933,2
Jose Alvarez,SFG,3,3,4.00,0,52,0,52.0,52,23,6,43,19,1.37,7.36,3.31,4.13,0.2,0.2,999.0,5358,2
Drew Smith,NYM,3,3,4.18,0,60,0,60.0,55,28,9,61,24,1.31,9.20,3.53,4.33,0.2,0.0,999.0,17755,2
Alan Rangel,ATL,1,1,4.15,2,20,0,27.0,27,13,4,27,9,1.31,8.76,3.04,4.11,0.2,0.2,999.0,877578,2
Ryan Helsley,STL,3,3,3.98,0,60,0,60.0,53,27,7,64,28,1.34,9.61,4.18,4.16,0.2,0.2,999.0,18138,2
Oliver Drake,,2,2,4.03,0,41,0,41.0,39,18,5,40,16,1.34,8.86,3.53,4.11,0.2,0.2,999.0,8823,2
Mychal Givens,CIN,3,3,4.16,0,66,0,66.0,59,30,9,72,28,1.32,9.87,3.87,4.24,0.2,0.3,999.0,10430,2
Max Kranick,PIT,2,2,4.83,5,13,0,34.0,36,18,6,28,12,1.40,7.29,3.20,4.86,0.2,0.0,999.0,22175,2
Ryan Feltner,COL,3,4,5.74,8,22,0,59.0,68,38,11,49,26,1.58,7.45,3.91,5.33,0.2,0.1,999.0,21446,2
Alex Colome,,3,3,4.20,0,68,0,68.0,68,32,8,61,25,1.38,8.09,3.37,4.20,0.2,0.3,999.0,6661,2
Jake Latz,TEX,2,2,4.72,5,9,0,32.0,31,17,5,29,14,1.42,8.38,3.94,4.90,0.2,0.2,999.0,21306,2
Nabil Crismatt,SDP,2,2,3.98,0,44,0,44.0,43,19,5,41,14,1.29,8.31,2.89,4.04,0.2,0.2,999.0,17732,2
Sean Reid-Foley,NYM,2,2,3.82,0,40,0,40.0,33,17,5,47,20,1.34,10.62,4.57,3.99,0.2,0.2,999.0,17034,2
Kent Emanuel,HOU,1,1,3.80,0,25,0,25.0,24,11,3,23,8,1.30,8.36,2.90,3.96,0.2,0.1,999.0,15849,2
Cole Winn,TEX,3,4,5.03,10,10,0,55.0,56,31,9,51,25,1.46,8.21,4.11,5.09,0.2,0.2,999.0,3008662,2
Joe Jimenez,DET,3,3,4.43,0,54,0,54.0,48,27,8,59,25,1.35,9.92,4.19,4.46,0.2,0.2,999.0,15761,2
Kirby Snead,TOR,1,1,3.65,0,22,0,22.0,20,9,2,23,9,1.32,9.35,3.70,3.81,0.2,0.2,999.0,19179,2
Jandel Gustave,MIL,2,2,4.07,0,48,0,48.0,46,22,6,47,19,1.34,8.74,3.48,4.13,0.2,0.2,999.0,14665,2
Hirokazu Sawamura,BOS,3,3,4.27,0,56,0,56.0,51,27,7,61,28,1.41,9.78,4.44,4.22,0.2,0.3,999.0,27515,2
Darren O'Day,,2,2,4.37,0,47,0,47.0,45,23,7,47,16,1.31,8.91,3.08,4.38,0.2,0.2,999.0,3321,2
Evan Phillips,LAD,2,2,4.04,0,44,0,44.0,40,20,5,49,20,1.36,9.94,4.12,4.11,0.2,0.2,999.0,17734,2
Angel Zerpa,KCR,1,2,4.29,3,11,0,26.0,26,13,3,23,10,1.38,7.78,3.49,4.39,0.2,0.3,999.0,22717,2
Ross Detwiler,,2,2,4.03,0,43,0,43.0,41,19,6,42,15,1.31,8.79,3.19,4.19,0.2,0.2,999.0,2859,2
John Brebbia,SFG,2,2,4.03,0,44,0,44.0,40,20,6,48,15,1.25,9.75,3.16,3.98,0.2,0.2,999.0,12777,2
John Gant,,5,6,4.75,10,48,0,89.0,89,47,12,77,46,1.52,7.85,4.70,4.83,0.2,0.3,999.0,13684,2
Erik Swanson,SEA,2,2,4.10,0,40,0,40.0,36,18,6,42,13,1.24,9.44,2.94,4.24,0.2,0.2,999.0,16587,2
Sam Hentges,CLE,3,3,4.14,2,52,0,58.0,54,27,8,59,25,1.34,9.08,3.79,4.33,0.2,0.4,999.0,18548,2
Tony Watson,,3,3,4.14,0,60,0,60.0,59,28,8,54,20,1.32,8.11,3.03,4.25,0.2,0.3,999.0,3132,2
Zack Littell,SFG,3,3,3.91,0,56,0,56.0,51,24,6,58,23,1.32,9.25,3.63,3.94,0.2,0.3,999.0,15823,2
Tommy Nance,CHC,2,2,4.04,0,35,0,35.0,33,16,4,35,14,1.36,9.08,3.68,4.02,0.2,0.2,999.0,19178,2
Trent Thornton,TOR,3,3,4.55,3,35,0,49.0,49,25,8,45,17,1.35,8.36,3.20,4.56,0.2,0.3,999.0,17948,2
Anthony Kay,TOR,2,2,4.43,5,20,0,42.0,39,21,6,41,19,1.39,8.90,4.06,4.62,0.2,0.5,999.0,20387,2
Adonis Medina,PHI,3,3,4.64,3,38,0,53.0,55,27,8,43,21,1.42,7.26,3.51,4.81,0.2,0.0,999.0,19903,2
Jesse Chavez,,3,3,4.15,0,52,0,52.0,51,24,7,51,17,1.30,8.87,2.90,4.14,0.2,0.2,999.0,5448,2
Matt Frisbee,SFG,3,3,4.48,5,27,0,50.0,50,25,8,42,15,1.31,7.67,2.67,4.47,0.2,0.3,999.0,3006801,2
Daulton Jefferies,OAK,4,5,4.36,6,58,0,89.0,92,43,14,70,21,1.28,7.07,2.16,4.45,0.2,0.4,999.0,19345,2
Adam Morgan,,3,3,4.18,0,54,0,54.0,51,25,7,54,22,1.35,8.97,3.69,4.30,0.2,0.2,999.0,12580,2
Ethan Roberts,CHC,2,2,4.15,0,34,0,34.0,33,16,4,34,13,1.35,8.98,3.56,4.12,0.2,0.2,999.0,3008132,2
Darien Nunez,LAD,1,1,3.43,0,18,0,18.0,14,7,2,23,8,1.23,11.67,3.87,3.58,0.2,0.2,999.0,21197,2
Jose Ruiz,CHW,3,3,4.31,0,57,0,57.0,53,27,9,59,24,1.35,9.30,3.79,4.49,0.2,0.2,999.0,14552,2
Rafael Montero,HOU,2,2,4.13,0,46,0,46.0,44,21,6,44,16,1.30,8.60,3.08,4.19,0.2,0.2,999.0,12760,2
Aaron Sanchez,,4,7,5.29,16,16,0,88.0,97,52,13,60,39,1.56,6.15,4.05,5.30,0.2,0.2,999.0,11490,2
Michael Rucker,CHC,2,2,4.24,0,46,0,46.0,45,22,6,45,17,1.35,8.85,3.37,4.15,0.2,0.2,999.0,19454,2
Miguel Del Pozo,DET,2,2,4.29,0,46,0,46.0,43,22,6,46,22,1.41,8.95,4.35,4.44,0.2,0.2,999.0,18792,2
Joe Mantiply,ARI,3,3,4.07,0,58,0,58.0,57,26,7,55,23,1.37,8.49,3.57,4.13,0.2,0.4,999.0,14857,2
T.J. Zeuch,STL,2,2,4.02,2,32,0,39.0,40,17,4,30,13,1.37,7.00,3.10,4.18,0.2,0.2,999.0,19269,2
Yimi Garcia,,3,3,4.22,0,60,1,60.0,56,28,9,62,20,1.27,9.32,3.04,4.25,0.2,0.4,999.0,12095,2
Keone Kela,,2,2,4.06,0,32,0,32.0,29,14,5,35,12,1.27,9.90,3.40,4.08,0.2,0.2,999.0,14696,2
Rafael Dolis,,3,3,4.28,0,60,0,60.0,54,29,7,65,32,1.44,9.73,4.83,4.35,0.2,0.2,999.0,4185,2
Benjamin Leeper,CHC,1,1,4.09,0,30,0,30.0,27,14,4,34,13,1.33,10.13,3.98,4.09,0.2,0.1,999.0,3014907,2
Jonathan Hernandez,TEX,2,2,4.03,0,38,0,38.0,35,17,5,40,15,1.33,9.43,3.62,4.09,0.2,0.2,999.0,17464,2
Trevor Gott,MIL,3,3,4.24,0,54,0,54.0,50,25,8,57,23,1.35,9.50,3.77,4.31,0.2,0.2,999.0,15046,2
Tyler Chatwood,,3,3,4.03,0,56,0,56.0,51,25,6,58,30,1.45,9.38,4.81,4.19,0.2,0.3,999.0,4338,2
Phil Maton,HOU,3,3,4.08,0,64,0,64.0,57,29,9,69,26,1.31,9.65,3.68,4.20,0.2,0.4,999.0,18064,2
Jarlin Garcia,SFG,3,3,3.93,0,58,0,58.0,55,25,7,57,21,1.31,8.85,3.32,4.00,0.2,0.3,999.0,18282,2
Joel Payamps,KCR,2,3,4.42,0,52,0,52.0,52,26,7,44,19,1.36,7.57,3.24,4.49,0.2,0.3,999.0,14332,2
Jason Adam,CHC,2,2,4.27,0,48,0,48.0,42,23,7,55,21,1.32,10.22,3.92,4.30,0.2,0.2,999.0,11861,2
Tayler Saucedo,TOR,1,1,3.88,0,25,0,25.0,24,11,3,22,10,1.37,8.09,3.57,4.08,0.2,0.2,999.0,17888,2
Nick Wittgren,,3,3,4.19,0,56,0,56.0,54,26,8,55,19,1.31,8.88,3.10,4.21,0.2,0.2,999.0,15594,2
Duane Underwood Jr.,PIT,3,3,4.29,0,58,0,58.0,57,28,7,55,23,1.38,8.52,3.56,4.23,0.2,0.1,999.0,14677,2
Michael Plassmeyer,SFG,1,1,4.34,3,3,0,18.0,19,9,3,15,5,1.32,7.23,2.67,4.45,0.2,0.1,999.0,3006962,2
Spencer Patton,TEX,3,3,4.30,0,64,3,64.0,61,31,9,65,26,1.35,9.21,3.65,4.35,0.2,0.1,999.0,12361,2
Andrew Vasquez,LAD,1,1,3.60,0,24,0,24.0,20,10,2,28,12,1.37,10.40,4.63,3.88,0.2,0.2,999.0,19482,2
Darwinzon Hernandez,BOS,3,2,3.97,0,52,0,52.0,42,23,6,66,33,1.43,11.40,5.65,4.14,0.2,0.5,999.0,19848,2
T.J. McFarland,STL,3,3,3.84,0,55,0,55.0,58,23,5,39,19,1.40,6.41,3.08,4.10,0.2,0.3,999.0,3237,2
Bryson Sands,MIN,2,3,5.20,6,6,0,37.0,38,21,6,32,16,1.46,7.75,3.80,5.14,0.1,0.1,999.0,3008611,2
Cody Ponce,PIT,2,2,4.20,0,44,0,44.0,43,21,6,41,14,1.31,8.39,2.92,4.16,0.1,0.1,999.0,17920,2
Patrick Ruotolo,SFG,2,2,3.95,0,34,0,34.0,31,15,4,35,13,1.30,9.38,3.52,3.97,0.1,0.2,999.0,856262,2
Trey Wingenter,SDP,1,1,3.75,0,18,0,18.0,15,7,2,22,8,1.29,11.07,4.23,3.80,0.1,0.1,999.0,17793,2
Scott Oberg,COL,1,1,4.40,0,16,0,16.0,17,8,2,16,6,1.40,8.93,3.30,4.00,0.1,0.2,999.0,13911,2
Wandy Peralta,NYY,3,3,4.16,0,58,0,58.0,56,27,7,53,25,1.40,8.28,3.86,4.42,0.1,0.3,999.0,14295,2
Luke Barker,MIL,1,1,3.94,0,21,0,21.0,19,9,3,22,7,1.24,9.47,2.94,4.00,0.1,0.1,999.0,977837,2
Tyler Kinley,COL,3,3,5.02,0,58,0,58.0,60,32,9,60,26,1.48,9.34,4.08,4.69,0.1,0.1,999.0,18297,2
Miguel Yajure,PIT,2,2,4.40,2,24,0,31.0,31,15,4,27,11,1.37,7.81,3.16,4.34,0.1,0.1,999.0,21111,2
Trevor Stephan,CLE,3,3,4.26,0,54,0,54.0,48,26,8,59,23,1.31,9.84,3.81,4.37,0.1,0.3,999.0,19932,2
Dellin Betances,,2,2,4.17,0,40,0,40.0,36,19,5,42,18,1.36,9.34,4.06,4.16,0.1,0.2,999.0,6216,2
Sidney Thomas,STL,1,1,3.81,2,2,0,9.0,9,4,1,7,3,1.36,6.84,3.03,4.07,0.1,0.2,999.0,3010784,2
Douglas Ashcraft,CIN,1,1,4.45,2,2,0,9.0,9,5,1,8,4,1.42,8.20,3.58,4.37,0.1,0.1,999.0,918274,2
Austin Davis,BOS,2,2,4.48,0,48,0,48.0,46,24,7,48,22,1.41,9.04,4.07,4.47,0.1,0.2,999.0,17117,2
Noe Ramirez,ARI,3,3,4.58,0,64,2,64.0,63,33,10,60,24,1.36,8.46,3.37,4.52,0.1,0.0,999.0,12800,2
Ryan Sherriff,PHI,3,3,4.13,0,52,0,52.0,49,24,7,50,23,1.39,8.66,3.98,4.37,0.1,0.2,999.0,12249,2
Kyle Funkhouser,DET,3,3,4.27,0,64,0,64.0,61,30,7,61,32,1.45,8.54,4.47,4.37,0.1,0.3,999.0,19456,2
Humberto Castellanos,ARI,1,1,4.94,3,3,0,18.0,19,10,3,14,6,1.42,7.17,3.06,4.81,0.1,0.1,999.0,21183,2
Johan Oviedo,STL,2,2,4.21,3,25,0,39.0,38,18,4,36,19,1.42,8.24,4.25,4.42,0.1,0.2,999.0,22487,2
Brett Martin,TEX,3,3,4.08,0,61,2,61.0,63,28,7,50,21,1.38,7.45,3.13,4.21,0.1,0.3,999.0,17369,2
Nick Snyder,TEX,2,2,4.08,0,44,0,44.0,40,20,6,47,18,1.32,9.65,3.66,4.14,0.1,0.3,999.0,23493,2
Ryan Pepiot,LAD,1,1,4.79,3,3,0,18.0,18,10,3,18,8,1.42,8.80,4.00,4.87,0.1,0.0,999.0,3011244,2
James Norwood,SDP,1,1,3.68,0,12,0,12.0,10,5,1,14,6,1.32,10.59,4.37,3.81,0.1,0.1,999.0,16440,2
Junior Fernandez,STL,2,2,3.84,0,42,0,42.0,37,18,5,44,20,1.37,9.41,4.37,4.10,0.1,0.2,999.0,18496,2
Blake Cederlind,PIT,1,1,4.03,0,24,0,24.0,22,11,3,25,11,1.37,9.38,4.04,4.06,0.1,0.1,999.0,20344,2
Carl Edwards Jr.,,1,1,4.34,0,28,0,28.0,26,13,4,30,13,1.37,9.53,4.08,4.37,0.1,0.1,999.0,13607,2
Jhoan Duran,MIN,1,1,3.92,0,16,0,16.0,15,7,2,17,7,1.36,9.57,3.99,3.91,0.1,0.1,999.0,873347,2
Francisco Perez,WSN,2,2,4.15,0,36,0,36.0,32,17,5,41,19,1.40,10.33,4.68,4.27,0.1,0.2,999.0,21018,2
Charles Whitley,HOU,1,1,4.78,3,3,0,18.0,18,10,3,18,9,1.46,8.72,4.42,4.86,0.1,0.1,999.0,917930,2
Richard Rodriguez,ATL,3,3,4.53,0,60,0,60.0,60,30,10,56,17,1.30,8.43,2.60,4.47,0.1,0.1,999.0,13549,2
Dylan File,MIL,1,1,4.43,2,14,0,21.0,22,10,3,18,6,1.32,7.59,2.66,4.50,0.1,0.1,999.0,3004197,2
Matthew Swarmer,CHC,1,2,4.80,3,9,0,24.0,25,13,4,21,8,1.36,7.74,3.02,4.82,0.1,0.1,999.0,918458,2
Gabe Speier,KCR,3,3,4.18,0,54,0,54.0,53,25,7,49,21,1.37,8.16,3.55,4.28,0.1,0.4,999.0,17170,2
Adrian Mardueno,,0,0,6.95,0,0,0,1.0,1,1,0,1,1,1.87,4.88,5.99,6.94,0.0,0.0,999.0,1170287,2
Rafael Tua,LAD,0,0,6.92,0,0,0,1.0,1,1,0,1,1,1.95,5.06,6.90,6.95,0.0,0.0,999.0,3008692,2
Bryan Caceres,WSN,0,0,7.03,0,0,0,1.0,1,1,0,1,1,2.04,4.94,7.48,6.95,0.0,0.0,999.0,3005687,2
Joshua Gessner,TEX,0,0,6.96,0,0,0,1.0,1,1,0,1,1,1.97,5.43,7.13,6.96,0.0,0.0,999.0,3011658,2
Felipe De La Cruz,NYM,0,0,6.80,0,0,0,1.0,1,1,0,1,1,1.97,4.77,7.08,6.96,0.0,0.0,999.0,3016065,2
Nestor Lorant,CIN,0,0,6.97,0,0,0,1.0,1,1,0,1,1,1.93,5.13,6.72,6.96,0.0,0.0,999.0,3011640,2
Juan Martinez,CIN,0,0,6.95,0,0,0,1.0,1,1,0,1,1,1.99,4.87,7.20,6.96,0.0,0.0,999.0,3016278,2
Ramon Guzman,NYM,0,0,6.79,0,0,0,1.0,1,1,0,1,1,1.94,5.10,7.00,6.96,0.0,0.0,999.0,3003079,2
Anderson Mercedes,,0,0,6.77,0,0,0,1.0,1,1,0,1,1,2.01,5.11,7.68,6.97,0.0,0.0,999.0,30035711,2
Tomas Cleto,MIN,0,0,7.00,0,0,0,1.0,1,1,0,1,1,1.96,4.65,6.74,6.97,0.0,0.0,999.0,3016009,2
Theodore Stuka,DET,0,0,6.89,0,0,0,1.0,1,1,0,1,1,1.97,4.60,7.23,6.97,0.0,0.0,999.0,3011238,2
Juan Rojas,MIN,0,0,6.81,0,0,0,1.0,1,1,0,1,1,2.00,5.08,7.52,6.98,0.0,0.0,999.0,3016285,2
Julio Ayola,TEX,0,0,6.96,0,0,0,1.0,1,1,0,0,1,1.99,4.41,6.98,6.98,0.0,0.0,999.0,3009612,2
Carlos Garcia,CHC,0,0,6.79,0,0,0,1.0,1,1,0,1,1,2.00,5.03,7.57,6.99,0.0,0.0,999.0,3015510,2
Deivy Cruz,BAL,0,0,6.81,0,0,0,1.0,1,1,0,1,1,2.00,5.26,7.63,6.99,0.0,0.0,999.0,3016013,2
Wuardo Fernandez,COL,0,0,6.98,0,0,0,1.0,1,1,0,1,1,1.95,4.63,6.73,6.99,0.0,0.0,999.0,3006521,2
Hancel Rincon,STL,0,0,6.97,0,0,0,1.0,1,1,0,1,1,1.93,4.85,6.68,6.99,0.0,0.0,999.0,3009629,2
Aldor Rodriguez,TBR,0,0,6.85,0,0,0,1.0,1,1,0,1,1,1.93,4.79,6.83,7.00,0.0,0.0,999.0,918039,2
Miguel Mora,SFG,0,0,7.02,0,0,0,1.0,1,1,0,1,1,1.95,4.87,6.81,7.00,0.0,0.0,999.0,3015985,2
Miguel Pozo,NYY,0,0,6.77,0,0,0,1.0,1,1,0,1,1,2.04,5.15,7.97,7.00,0.0,0.0,999.0,3016581,2
Yonael Dominguez,STL,0,0,6.99,0,0,0,1.0,1,1,0,1,1,1.92,4.64,6.46,7.00,0.0,0.0,999.0,3009750,2
Benjamin Rodriguez,CHC,0,0,7.14,0,0,0,1.0,1,1,0,1,1,1.97,4.74,6.75,7.00,0.0,0.0,999.0,3004962,2
Henry Gomez,STL,0,0,7.03,0,0,0,1.0,1,1,0,0,1,1.93,4.17,6.24,7.01,0.0,0.0,999.0,3009993,2
Carlos Meza,ARI,0,0,6.83,0,0,0,1.0,1,1,0,1,1,2.01,4.91,7.59,7.01,0.0,0.0,999.0,3006410,2
Reny Artiles,CLE,0,0,7.02,0,0,0,1.0,1,1,0,1,1,1.99,4.95,7.20,7.02,0.0,0.0,999.0,3008716,2
Carlos Carreno,,0,0,7.04,0,0,0,1.0,1,1,0,1,1,1.96,4.52,6.68,7.02,0.0,0.0,999.0,917564,2
Jean Munoz,SEA,0,0,6.99,0,0,0,1.0,1,1,0,1,1,2.00,4.79,7.27,7.02,0.0,0.0,999.0,3016594,2
Andrew Samuelson,ATL,0,0,6.98,0,0,0,1.0,1,1,0,1,1,2.06,5.27,7.89,7.02,0.0,0.0,999.0,3010822,2
Jorge Ferrer,CHW,0,0,6.83,0,0,0,1.0,1,1,0,1,1,2.03,5.08,7.84,7.03,0.0,0.0,999.0,3005708,2
Edwin Jimenez,MIL,0,0,6.99,0,0,0,1.0,1,1,0,1,1,1.98,4.92,7.15,7.03,0.0,0.0,999.0,3010800,2
Jared Horn,COL,0,0,7.70,0,0,0,1.0,1,1,0,1,1,2.05,4.52,6.37,7.03,0.0,0.0,999.0,3011233,2
Luis Serna,NYY,0,0,7.03,0,0,0,1.0,1,1,0,1,1,1.99,4.96,7.22,7.03,0.0,0.0,999.0,3016528,2
Kevin Ribon,NYM,0,0,7.03,0,0,0,1.0,1,1,0,1,1,1.99,4.57,7.02,7.03,0.0,0.0,999.0,3015430,2
Lisandro Almonte,ARI,0,0,7.01,0,0,0,1.0,1,1,0,1,1,2.00,4.83,7.29,7.03,0.0,0.0,999.0,3015497,2
Jose Valdez,ARI,0,0,7.01,0,0,0,1.0,1,1,0,1,1,2.00,5.03,7.34,7.03,0.0,0.0,999.0,3011438,2
Luis Osorio,ARI,0,0,6.99,0,0,0,1.0,1,1,0,1,1,2.02,5.13,7.62,7.04,0.0,0.0,999.0,3015988,2
Gerardo Abrego,NYY,0,0,7.03,0,0,0,1.0,1,1,0,1,1,1.96,5.04,6.99,7.04,0.0,0.0,999.0,3016741,2
Bryan Magdaleno,TEX,0,0,6.88,0,0,0,1.0,1,1,0,1,1,2.03,4.67,7.62,7.04,0.0,0.0,999.0,3016478,2
Engels Martinez,STL,0,0,7.02,0,0,0,1.0,1,1,0,0,1,1.97,4.43,6.84,7.04,0.0,0.0,999.0,3009497,2
Yoscar Pimentel,ARI,0,0,7.04,0,0,0,1.0,1,1,0,0,1,1.98,4.50,6.93,7.04,0.0,0.0,999.0,3009599,2
Joiner Vicent,ARI,0,0,7.00,0,0,0,1.0,1,1,0,1,1,2.00,4.93,7.37,7.04,0.0,0.0,999.0,3015439,2
Caleb Baragar,SFG,2,2,4.75,0,36,0,36.0,35,19,6,33,17,1.44,8.17,4.30,4.96,-0.2,-0.1,999.0,19231,2
Dan Straily,,5,9,5.62,21,21,0,119.0,130,74,25,92,45,1.48,6.97,3.42,5.69,-0.2,-0.1,999.0,9460,2
Josh Tomlin,,2,2,4.96,0,42,0,42.0,47,23,8,32,9,1.33,6.85,1.96,4.94,-0.2,-0.2,999.0,9388,2
Demarcus Evans,TEX,2,2,4.88,0,40,2,40.0,37,22,7,43,22,1.48,9.57,4.94,4.98,-0.2,-0.1,999.0,21087,2
Ralph Garza,MIN,2,2,4.97,0,45,0,45.0,46,25,7,41,21,1.48,8.16,4.18,4.94,-0.2,-0.1,999.0,17682,2
J.P. Feyereisen,TBR,3,3,4.56,0,58,1,58.0,53,29,9,57,30,1.43,8.83,4.69,4.86,-0.2,-0.1,999.0,16610,2
Tyler Clippard,,3,3,4.94,0,60,0,60.0,60,33,11,56,21,1.35,8.39,3.15,4.94,-0.3,-0.2,999.0,5640,2
Bryan Garcia,DET,2,2,5.15,0,42,0,42.0,44,24,7,33,20,1.52,7.00,4.21,5.22,-0.3,-0.3,999.0,19457,2
Jimmy Herget,LAA,3,3,4.86,0,56,0,56.0,55,30,10,52,25,1.43,8.36,3.99,5.00,-0.3,-0.1,999.0,17556,2
Yusmeiro Petit,,3,4,5.12,0,75,0,75.0,85,43,14,52,19,1.39,6.19,2.28,5.14,-0.3,-0.4,999.0,4020,2
Pedro Baez,HOU,2,3,5.08,0,54,0,54.0,55,30,10,44,23,1.44,7.39,3.77,5.29,-0.3,-0.3,999.0,5420,2